DO_Number,Last_4,Status,Date_Issued,Warehouse_Name,Remarks,Created_By,Last_Modified
SP-26-22098,2098,Return,22/09/2026,Al Quoz,[Full] Full Return Entry,jay,2026-10-08 6:50:57
SP-26-22344,2344,Return,24/09/2026,Sharjah,[Full] Full Return Entry,Melvin,2026-10-08 6:50:57
SP-26-22354,2354,Return,24/09/2026,Sharjah,[Full] Full Return Entry,Melvin,2026-10-08 6:50:57
SP-26-22553,2553,Pending,25/09/2026,Abu Dhabi,,Anand,10/08/2026 10:20
SP-26-22519,2519,Return,25/09/2026,Sharjah,[Full] Full Return Entry,Melvin,2026-10-08 6:50:57
SP-26-22545,2545,Return,25/09/2026,Al Quoz,[Full] Full Return Entry,jay,2026-10-08 6:50:57
SP-26-22622,2622,Dispatched,26/09/2026,DIP,,Rajendran,09/30/2026 11:04
SP-26-22781,2781,Dispatched,28/09/2026,Al Quoz,,jay,09/30/2026 11:19
SP-26-22893,2893,Pending,29/09/2026,Sharjah,,Melvin,09/30/2026 11:25
SP-26-22983,2983,Pending,29/09/2026,Sharjah,,jay,09/30/2026 11:25
SP-26-22947,2947,Pending,29/09/2026,Abu Dhabi,,Anand,10/08/2026 10:20
SP-26-22935,2935,Pending,29/09/2026,DIP,,jay,09/30/2026 11:33
SP-26-22993,2993,Dispatched,30/09/2026,Al Quoz,,Rajendran,10/02/2026 12:56
SP-26-23029,3029,Dispatched,30/09/2026,Al Quoz,,Melvin,10/02/2026 12:56
SP-26-23034,3034,Dispatched,30/09/2026,Al Quoz,,Rajendran,10/02/2026 12:56
SP-26-23036,3036,Dispatched,30/09/2026,Al Quoz,,Melvin,10/02/2026 12:56
SP-26-23050,3050,Dispatched,30/09/2026,Al Quoz,,Rajendran,10/02/2026 12:56
SP-26-23058,3058,Dispatched,30/09/2026,Al Quoz,,Rajendran,10/02/2026 12:56
SP-26-23063,3063,Dispatched,30/09/2026,Al Quoz,,Rajendran,10/02/2026 12:56
SP-26-23069,3069,Dispatched,30/09/2026,Al Quoz,,jay,10/02/2026 12:56
SP-26-23070,3070,Dispatched,30/09/2026,Al Quoz,,jay,10/02/2026 12:56
SP-26-23071,3071,Dispatched,30/09/2026,Al Quoz,,jay,10/02/2026 12:56
SP-26-23072,3072,Dispatched,30/09/2026,Al Quoz,,jay,10/02/2026 12:56
SP-26-23073,3073,Dispatched,30/09/2026,Al Quoz,,jay,10/02/2026 12:56
SP-26-23074,3074,Return,30/09/2026,Al Quoz,[Full] Full Return Entry,jay,2026-10-08 6:50:57
SP-26-23078,3078,Dispatched,30/09/2026,Al Quoz,,jay,10/02/2026 12:56
SP-26-23079,3079,Dispatched,30/09/2026,Al Quoz,,jay,10/02/2026 12:56
SP-26-23080,3080,Dispatched,30/09/2026,Al Quoz,,jay,10/02/2026 12:56
SP-26-23081,3081,Dispatched,30/09/2026,Al Quoz,,jay,10/02/2026 12:56
SP-26-23082,3082,Dispatched,30/09/2026,Al Quoz,,jay,10/02/2026 12:56
SP-26-23084,3084,Dispatched,30/09/2026,Al Quoz,,jay,10/02/2026 12:56
SP-26-23089,3089,Dispatched,30/09/2026,Al Quoz,,jay,10/02/2026 12:56
SP-26-23090,3090,Dispatched,30/09/2026,Al Quoz,,jay,10/02/2026 12:56
SP-26-23092,3092,Dispatched,30/09/2026,Al Quoz,,jay,10/02/2026 12:56
SP-26-23094,3094,Dispatched,30/09/2026,Al Quoz,,jay,10/02/2026 12:56
SP-26-23096,3096,Dispatched,30/09/2026,Al Quoz,,jay,10/02/2026 12:56
SP-26-23097,3097,Dispatched,30/09/2026,Al Quoz,,jay,10/02/2026 12:56
SP-26-23098,3098,Dispatched,30/09/2026,Al Quoz,,jay,10/02/2026 12:56
SP-26-23099,3099,Dispatched,30/09/2026,Al Quoz,,jay,10/02/2026 12:56
SP-26-23100,3100,Dispatched,30/09/2026,Al Quoz,,Melvin,10/02/2026 12:56
SP-26-23101,3101,Dispatched,30/09/2026,Al Quoz,,jay,10/02/2026 12:56
SP-26-23105,3105,Dispatched,30/09/2026,Al Quoz,,jay,10/02/2026 12:56
SP-26-23106,3106,Dispatched,30/09/2026,Al Quoz,,jay,10/02/2026 12:56
SP-26-23107,3107,Dispatched,30/09/2026,Al Quoz,,jay,10/02/2026 12:56
SP-26-23108,3108,Dispatched,30/09/2026,Al Quoz,,jay,10/02/2026 12:56
SP-26-23110,3110,Dispatched,30/09/2026,Al Quoz,,jay,10/02/2026 12:56
SP-26-23112,3112,Dispatched,30/09/2026,Al Quoz,,jay,10/02/2026 12:56
SP-26-23113,3113,Dispatched,30/09/2026,Al Quoz,,jay,10/02/2026 12:56
SP-26-23114,3114,Dispatched,30/09/2026,Al Quoz,,jay,10/02/2026 12:56
SP-26-23115,3115,Dispatched,30/09/2026,Al Quoz,,jay,10/02/2026 12:56
SP-26-23116,3116,Dispatched,30/09/2026,Al Quoz,,jay,10/02/2026 12:56
SP-26-23117,3117,Dispatched,30/09/2026,Al Quoz,,jay,10/02/2026 12:56
SP-26-23118,3118,Dispatched,30/09/2026,Al Quoz,,jay,10/02/2026 12:56
SP-26-23119,3119,Dispatched,30/09/2026,Al Quoz,,jay,10/02/2026 12:56
SP-26-23120,3120,Dispatched,30/09/2026,Al Quoz,,jay,10/02/2026 12:56
SP-26-22994,2994,Dispatched,30/09/2026,DIP,,Rajendran,10/02/2026 13:03
SP-26-22995,2995,Dispatched,30/09/2026,DIP,,Rajendran,10/02/2026 13:03
SP-26-23000,3000,Dispatched,30/09/2026,DIP,,Rajendran,10/02/2026 13:03
SP-26-23002,3002,Dispatched,30/09/2026,DIP,,Rajendran,10/02/2026 13:03
SP-26-23006,3006,Dispatched,30/09/2026,DIP,,Rajendran,10/02/2026 13:03
SP-26-23019,3019,Dispatched,30/09/2026,DIP,,Rajendran,10/02/2026 13:03
SP-26-23025,3025,Dispatched,30/09/2026,DIP,,Rajendran,10/02/2026 13:03
SP-26-23033,3033,Dispatched,30/09/2026,DIP,,Rajendran,10/02/2026 13:03
SP-26-23040,3040,Dispatched,30/09/2026,DIP,,Rajendran,10/02/2026 13:03
SP-26-23042,3042,Dispatched,30/09/2026,DIP,,Rajendran,10/02/2026 13:03
SP-26-23047,3047,Dispatched,30/09/2026,DIP,,Rajendran,10/02/2026 13:03
SP-26-23048,3048,Dispatched,30/09/2026,DIP,,Rajendran,10/02/2026 13:03
SP-26-23049,3049,Dispatched,30/09/2026,DIP,,Rajendran,10/02/2026 13:03
SP-26-23052,3052,Dispatched,30/09/2026,DIP,,Rajendran,10/02/2026 13:03
SP-26-23056,3056,Dispatched,30/09/2026,DIP,,Rajendran,10/02/2026 13:03
SP-26-23057,3057,Dispatched,30/09/2026,DIP,,Rajendran,10/02/2026 13:03
SP-26-23059,3059,Dispatched,30/09/2026,DIP,,Rajendran,10/02/2026 13:03
SP-26-23061,3061,Dispatched,30/09/2026,DIP,,Rajendran,2026-10-02 13:03:51
SP-26-23062,3062,Pending,30/09/2026,DIP,,Rajendran,10/02/2026 13:03
SP-26-23066,3066,Dispatched,30/09/2026,DIP,,Rajendran,10/02/2026 13:03
SP-26-23075,3075,Dispatched,30/09/2026,DIP,,Rajendran,10/02/2026 13:03
SP-26-23102,3102,Dispatched,30/09/2026,DIP,,Rajendran,10/02/2026 13:03
SP-26-23103,3103,Dispatched,30/09/2026,DIP,,Rajendran,10/02/2026 13:03
SP-26-23109,3109,Dispatched,30/09/2026,DIP,,Rajendran,10/02/2026 13:03
SP-26-23005,3005,Dispatched,30/09/2026,Sharjah,,Melvin,10/02/2026 13:06
SP-26-23009,3009,Dispatched,30/09/2026,Sharjah,,Melvin,10/02/2026 13:06
SP-26-23011,3011,Dispatched,30/09/2026,Sharjah,,Melvin,10/02/2026 13:06
SP-26-23012,3012,Dispatched,30/09/2026,Sharjah,,Melvin,10/02/2026 13:06
SP-26-23014,3014,Dispatched,30/09/2026,Sharjah,,Melvin,10/02/2026 13:06
SP-26-23018,3018,Dispatched,30/09/2026,Sharjah,,Melvin,10/02/2026 13:06
SP-26-23022,3022,Dispatched,30/09/2026,Sharjah,,Melvin,10/02/2026 13:06
SP-26-23023,3023,Dispatched,30/09/2026,Sharjah,,Melvin,10/02/2026 13:06
SP-26-23026,3026,Dispatched,30/09/2026,Sharjah,,Melvin,10/02/2026 13:06
SP-26-23038,3038,Dispatched,30/09/2026,Sharjah,,Melvin,10/02/2026 13:06
SP-26-23041,3041,Dispatched,30/09/2026,Sharjah,,Melvin,10/02/2026 13:06
SP-26-23044,3044,Dispatched,30/09/2026,Sharjah,,Melvin,10/02/2026 13:06
SP-26-23046,3046,Dispatched,30/09/2026,Sharjah,,Melvin,10/02/2026 13:06
SP-26-23051,3051,Dispatched,30/09/2026,Sharjah,,Melvin,10/02/2026 13:06
SP-26-23053,3053,Dispatched,30/09/2026,Sharjah,,Melvin,10/02/2026 13:06
SP-26-23060,3060,Dispatched,30/09/2026,Sharjah,,Melvin,10/02/2026 13:06
SP-26-23064,3064,Dispatched,30/09/2026,Sharjah,,Melvin,10/02/2026 13:06
SP-26-23065,3065,Pending,30/09/2026,Sharjah,,Melvin,10/02/2026 13:06
SP-26-23077,3077,Dispatched,30/09/2026,Sharjah,,Rajendran,10/02/2026 13:06
SP-26-23083,3083,Return,30/09/2026,Sharjah,[Full] Full Return Entry,Melvin,2026-10-08 6:50:57
SP-26-23086,3086,Dispatched,30/09/2026,Sharjah,,Melvin,10/02/2026 13:06
SP-26-23104,3104,Pending,30/09/2026,Sharjah,,Melvin,10/02/2026 13:06
SP-26-23111,3111,Dispatched,30/09/2026,Sharjah,,jay,10/02/2026 13:06
SP-26-23141,3141,Dispatched,01/10/2026,Abu Dhabi,,Anand,10/02/2026 13:08
SP-26-23155,3155,Dispatched,01/10/2026,Abu Dhabi,,Anand,10/02/2026 13:08
SP-26-23157,3157,Dispatched,01/10/2026,Abu Dhabi,,Anand,10/02/2026 13:08
SP-26-23169,3169,Dispatched,01/10/2026,Abu Dhabi,,Anand,10/02/2026 13:08
SP-26-23172,3172,Dispatched,01/10/2026,Abu Dhabi,,Anand,10/02/2026 13:08
SP-26-23195,3195,Dispatched,01/10/2026,Abu Dhabi,,Anand,10/02/2026 13:08
SP-26-23205,3205,Dispatched,01/10/2026,Abu Dhabi,,Anand,10/02/2026 13:08
SP-26-23206,3206,Dispatched,01/10/2026,Abu Dhabi,,Anand,10/02/2026 13:08
SP-26-23208,3208,Dispatched,01/10/2026,Abu Dhabi,,Anand,10/02/2026 13:08
SP-26-23209,3209,Dispatched,01/10/2026,Abu Dhabi,,Anand,10/02/2026 13:08
SP-26-23252,3252,Pending,01/10/2026,Abu Dhabi,,Anand,10/08/2026 10:20
SP-26-23263,3263,Dispatched,01/10/2026,Abu Dhabi,,Anand,10/02/2026 13:08
SP-26-23265,3265,Dispatched,01/10/2026,Abu Dhabi,,Anand,10/02/2026 13:08
SP-26-23266,3266,Dispatched,01/10/2026,Abu Dhabi,,Anand,10/02/2026 13:08
SP-26-23273,3273,Dispatched,01/10/2026,Abu Dhabi,,Anand,10/02/2026 13:08
SP-26-23121,3121,Dispatched,01/10/2026,DIP,,Rajendran,10/05/2026 6:49
SP-26-23123,3123,Dispatched,01/10/2026,DIP,,Rajendran,10/05/2026 6:49
SP-26-23124,3124,Dispatched,01/10/2026,DIP,,Rajendran,10/05/2026 6:49
SP-26-23138,3138,Dispatched,01/10/2026,DIP,,Rajendran,10/05/2026 6:49
SP-26-23152,3152,Dispatched,01/10/2026,DIP,,Rajendran,10/05/2026 6:49
SP-26-23163,3163,Dispatched,01/10/2026,DIP,,Rajendran,10/05/2026 6:49
SP-26-23165,3165,Dispatched,01/10/2026,DIP,,Rajendran,10/05/2026 6:49
SP-26-23166,3166,Dispatched,01/10/2026,DIP,,Rajendran,10/05/2026 6:49
SP-26-23167,3167,Pending,01/10/2026,DIP,,Rajendran,2026-10-05 6:49:19
SP-26-23173,3173,Return,01/10/2026,DIP,[Full] Full Return Entry,Rajendran,2026-10-08 6:50:57
SP-26-23190,3190,Dispatched,01/10/2026,DIP,,Rajendran,10/05/2026 6:49
SP-26-23203,3203,Dispatched,01/10/2026,DIP,,Rajendran,10/05/2026 6:49
SP-26-23212,3212,Dispatched,01/10/2026,DIP,,Rajendran,10/05/2026 6:49
SP-26-23219,3219,Dispatched,01/10/2026,DIP,,Rajendran,10/05/2026 6:49
SP-26-23220,3220,Dispatched,01/10/2026,DIP,,Rajendran,10/05/2026 6:49
SP-26-23233,3233,Dispatched,01/10/2026,DIP,,Rajendran,10/05/2026 6:49
SP-26-23236,3236,Dispatched,01/10/2026,DIP,,Rajendran,10/05/2026 6:49
SP-26-23237,3237,Dispatched,01/10/2026,DIP,,Rajendran,10/05/2026 6:49
SP-26-23242,3242,Dispatched,01/10/2026,DIP,,Rajendran,10/05/2026 6:49
SP-26-23261,3261,Dispatched,01/10/2026,DIP,,Rajendran,10/05/2026 6:49
SP-26-23282,3282,Dispatched,01/10/2026,DIP,,Rajendran,10/05/2026 6:49
SP-26-23145,3145,Dispatched,01/10/2026,Sharjah,,jay,10/05/2026 10:08
SP-26-23146,3146,Dispatched,01/10/2026,Sharjah,,Melvin,10/05/2026 10:08
SP-26-23147,3147,Dispatched,01/10/2026,Sharjah,,Melvin,10/05/2026 10:08
SP-26-23149,3149,Dispatched,01/10/2026,Sharjah,,Melvin,10/05/2026 10:08
SP-26-23150,3150,Dispatched,01/10/2026,Sharjah,,Melvin,10/05/2026 10:08
SP-26-23153,3153,Dispatched,01/10/2026,Sharjah,,Melvin,10/05/2026 10:08
SP-26-23159,3159,Dispatched,01/10/2026,Sharjah,,Melvin,10/05/2026 10:08
SP-26-23160,3160,Return,01/10/2026,Sharjah,[Partial] Removed 10mm damage pcs,Melvin,2026-10-08 6:50:57
SP-26-23161,3161,Dispatched,01/10/2026,Sharjah,,Melvin,10/05/2026 10:08
SP-26-23162,3162,Dispatched,01/10/2026,Sharjah,,Melvin,10/05/2026 10:08
SP-26-23164,3164,Dispatched,01/10/2026,Sharjah,,Melvin,10/05/2026 10:08
SP-26-23170,3170,Dispatched,01/10/2026,Sharjah,,Melvin,10/05/2026 10:08
SP-26-23174,3174,Dispatched,01/10/2026,Sharjah,,Melvin,10/05/2026 10:08
SP-26-23176,3176,Dispatched,01/10/2026,Sharjah,,Melvin,10/05/2026 10:08
SP-26-23177,3177,Dispatched,01/10/2026,Sharjah,,jay,10/05/2026 10:08
SP-26-23188,3188,Dispatched,01/10/2026,Sharjah,,Melvin,10/05/2026 10:08
SP-26-23192,3192,Dispatched,01/10/2026,Sharjah,,Melvin,10/05/2026 10:08
SP-26-23194,3194,Dispatched,01/10/2026,Sharjah,,Melvin,10/05/2026 10:08
SP-26-23196,3196,Pending,01/10/2026,Sharjah,,Melvin,10/05/2026 10:08
SP-26-23198,3198,Dispatched,01/10/2026,Sharjah,,Melvin,10/05/2026 10:08
SP-26-23199,3199,Dispatched,01/10/2026,Sharjah,,Melvin,10/05/2026 10:08
SP-26-23200,3200,Dispatched,01/10/2026,Sharjah,,Melvin,10/05/2026 10:08
SP-26-23201,3201,Dispatched,01/10/2026,Sharjah,,Melvin,10/05/2026 10:08
SP-26-23202,3202,Dispatched,01/10/2026,Sharjah,,Melvin,10/05/2026 10:08
SP-26-23204,3204,Dispatched,01/10/2026,Sharjah,,Melvin,10/05/2026 10:08
SP-26-23207,3207,Dispatched,01/10/2026,Sharjah,,Melvin,10/05/2026 10:08
SP-26-23210,3210,Dispatched,01/10/2026,Sharjah,,Melvin,10/05/2026 10:08
SP-26-23213,3213,Dispatched,01/10/2026,Sharjah,,Melvin,10/05/2026 10:08
SP-26-23215,3215,Dispatched,01/10/2026,Sharjah,,Melvin,10/05/2026 10:08
SP-26-23221,3221,Return,01/10/2026,Sharjah,[Full] Full Return Entry,Melvin,2026-10-08 6:50:57
SP-26-23223,3223,Dispatched,01/10/2026,Sharjah,,Melvin,10/05/2026 10:08
SP-26-23224,3224,Return,01/10/2026,Sharjah,[Full] Full Return Entry,Melvin,2026-10-08 6:50:57
SP-26-23228,3228,Dispatched,01/10/2026,Sharjah,,Melvin,10/05/2026 10:08
SP-26-23243,3243,Dispatched,01/10/2026,Sharjah,,Melvin,10/05/2026 10:08
SP-26-23244,3244,Dispatched,01/10/2026,Sharjah,,Melvin,10/05/2026 10:08
SP-26-23246,3246,Dispatched,01/10/2026,Sharjah,,Melvin,10/05/2026 10:08
SP-26-23250,3250,Dispatched,01/10/2026,Sharjah,,Melvin,10/05/2026 10:08
SP-26-23251,3251,Dispatched,01/10/2026,Sharjah,,Melvin,10/05/2026 10:08
SP-26-23256,3256,Dispatched,01/10/2026,Sharjah,,jay,10/05/2026 10:08
SP-26-23259,3259,Dispatched,01/10/2026,Sharjah,,Melvin,10/05/2026 10:08
SP-26-23260,3260,Dispatched,01/10/2026,Sharjah,,Rajendran,10/05/2026 10:08
SP-26-23262,3262,Dispatched,01/10/2026,Sharjah,,jay,10/05/2026 10:08
SP-26-23272,3272,Dispatched,01/10/2026,Sharjah,,kalpesh,10/05/2026 10:08
SP-26-23275,3275,Pending,01/10/2026,Sharjah,,Melvin,10/05/2026 10:08
SP-26-23279,3279,Dispatched,01/10/2026,Sharjah,,Melvin,10/05/2026 10:08
SP-26-23283,3283,Dispatched,01/10/2026,Sharjah,,Melvin,10/05/2026 10:08
SP-26-23129,3129,Dispatched,01/10/2026,Al Quoz,,Melvin,10/05/2026 10:14
SP-26-23131,3131,Dispatched,01/10/2026,Al Quoz,,jay,10/05/2026 10:14
SP-26-23135,3135,Dispatched,01/10/2026,Al Quoz,,jay,10/05/2026 10:14
SP-26-23136,3136,Dispatched,01/10/2026,Al Quoz,,jay,10/05/2026 10:14
SP-26-23137,3137,Dispatched,01/10/2026,Al Quoz,,Rajendran,10/05/2026 10:14
SP-26-23139,3139,Dispatched,01/10/2026,Al Quoz,,jay,10/05/2026 10:14
SP-26-23142,3142,Dispatched,01/10/2026,Al Quoz,,jay,10/05/2026 10:14
SP-26-23143,3143,Dispatched,01/10/2026,Al Quoz,,jay,10/05/2026 10:14
SP-26-23148,3148,Dispatched,01/10/2026,Al Quoz,,jay,10/05/2026 10:14
SP-26-23151,3151,Dispatched,01/10/2026,Al Quoz,,jay,10/05/2026 10:14
SP-26-23154,3154,Dispatched,01/10/2026,Al Quoz,,jay,10/05/2026 10:14
SP-26-23156,3156,Dispatched,01/10/2026,Al Quoz,,Rajendran,10/05/2026 10:14
SP-26-23158,3158,Dispatched,01/10/2026,Al Quoz,,jay,10/05/2026 10:14
SP-26-23168,3168,Dispatched,01/10/2026,Al Quoz,,jay,10/05/2026 10:14
SP-26-23171,3171,Dispatched,01/10/2026,Al Quoz,,Rajendran,10/05/2026 10:14
SP-26-23175,3175,Return,01/10/2026,Al Quoz,[Full] Full Return Entry,jay,2026-10-08 6:50:57
SP-26-23178,3178,Dispatched,01/10/2026,Al Quoz,,jay,10/05/2026 10:14
SP-26-23179,3179,Dispatched,01/10/2026,Al Quoz,,jay,10/05/2026 10:14
SP-26-23180,3180,Dispatched,01/10/2026,Al Quoz,,jay,10/05/2026 10:14
SP-26-23181,3181,Dispatched,01/10/2026,Al Quoz,,jay,10/05/2026 10:14
SP-26-23182,3182,Dispatched,01/10/2026,Al Quoz,,jay,10/05/2026 10:14
SP-26-23183,3183,Dispatched,01/10/2026,Al Quoz,,jay,10/05/2026 10:14
SP-26-23184,3184,Dispatched,01/10/2026,Al Quoz,,jay,10/05/2026 10:14
SP-26-23185,3185,Dispatched,01/10/2026,Al Quoz,,jay,10/05/2026 10:14
SP-26-23186,3186,Dispatched,01/10/2026,Al Quoz,,jay,10/05/2026 10:14
SP-26-23187,3187,Dispatched,01/10/2026,Al Quoz,,jay,10/05/2026 10:14
SP-26-23189,3189,Dispatched,01/10/2026,Al Quoz,,jay,10/05/2026 10:14
SP-26-23191,3191,Dispatched,01/10/2026,Al Quoz,,jay,10/05/2026 10:14
SP-26-23193,3193,Dispatched,01/10/2026,Al Quoz,,jay,10/05/2026 10:14
SP-26-23197,3197,Dispatched,01/10/2026,Al Quoz,,jay,10/05/2026 10:14
SP-26-23211,3211,Dispatched,01/10/2026,Al Quoz,,Melvin,10/05/2026 10:14
SP-26-23214,3214,Dispatched,01/10/2026,Al Quoz,,Melvin,10/05/2026 10:14
SP-26-23217,3217,Dispatched,01/10/2026,Al Quoz,,jay,10/05/2026 10:14
SP-26-23222,3222,Dispatched,01/10/2026,Al Quoz,,jay,10/05/2026 10:14
SP-26-23225,3225,Dispatched,01/10/2026,Al Quoz,,jay,10/05/2026 10:14
SP-26-23226,3226,Dispatched,01/10/2026,Al Quoz,,jay,10/05/2026 10:14
SP-26-23227,3227,Dispatched,01/10/2026,Al Quoz,,jay,10/05/2026 10:14
SP-26-23229,3229,Dispatched,01/10/2026,Al Quoz,,jay,10/05/2026 10:14
SP-26-23230,3230,Dispatched,01/10/2026,Al Quoz,,jay,2026-10-05 10:14:55
SP-26-23231,3231,Dispatched,01/10/2026,Al Quoz,,jay,10/05/2026 10:14
SP-26-23232,3232,Dispatched,01/10/2026,Al Quoz,,jay,10/05/2026 10:14
SP-26-23234,3234,Dispatched,01/10/2026,Al Quoz,,jay,10/05/2026 10:14
SP-26-23235,3235,Return,01/10/2026,Al Quoz,[Partial] Removed 40mm tube,jay,2026-10-08 6:50:57
SP-26-23238,3238,Dispatched,01/10/2026,Al Quoz,,jay,10/05/2026 10:14
SP-26-23239,3239,Dispatched,01/10/2026,Al Quoz,,jay,10/05/2026 10:14
SP-26-23240,3240,Dispatched,01/10/2026,Al Quoz,,jay,10/05/2026 10:14
SP-26-23241,3241,Dispatched,01/10/2026,Al Quoz,,jay,10/05/2026 10:14
SP-26-23245,3245,Dispatched,01/10/2026,Al Quoz,,jay,10/05/2026 10:14
SP-26-23247,3247,Dispatched,01/10/2026,Al Quoz,,jay,10/05/2026 10:14
SP-26-23248,3248,Dispatched,01/10/2026,Al Quoz,,jay,10/05/2026 10:14
SP-26-23249,3249,Dispatched,01/10/2026,Al Quoz,,jay,10/05/2026 10:14
SP-26-23253,3253,Dispatched,01/10/2026,Al Quoz,,Rajendran,10/05/2026 10:14
SP-26-23254,3254,Dispatched,01/10/2026,Al Quoz,,Rajendran,10/05/2026 10:14
SP-26-23255,3255,Return,01/10/2026,Al Quoz,[Partial] Removed 0001248,Rajendran,2026-10-08 6:50:57
SP-26-23257,3257,Dispatched,01/10/2026,Al Quoz,,Rajendran,10/05/2026 10:14
SP-26-23258,3258,Dispatched,01/10/2026,Al Quoz,,jay,10/05/2026 10:14
SP-26-23264,3264,Dispatched,01/10/2026,Al Quoz,,jay,10/05/2026 10:14
SP-26-23267,3267,Dispatched,01/10/2026,Al Quoz,,jay,10/05/2026 10:14
SP-26-23268,3268,Dispatched,01/10/2026,Al Quoz,,jay,10/05/2026 10:14
SP-26-23269,3269,Dispatched,01/10/2026,Al Quoz,,jay,10/05/2026 10:14
SP-26-23270,3270,Dispatched,01/10/2026,Al Quoz,,jay,10/05/2026 10:14
SP-26-23271,3271,Return,01/10/2026,Al Quoz,[Full] Full Return Entry,jay,2026-10-08 6:50:57
SP-26-23274,3274,Dispatched,01/10/2026,Al Quoz,,jay,10/05/2026 10:14
SP-26-23276,3276,Dispatched,01/10/2026,Al Quoz,,jay,10/05/2026 10:14
SP-26-23277,3277,Dispatched,01/10/2026,Al Quoz,,jay,10/05/2026 10:14
SP-26-23278,3278,Dispatched,01/10/2026,Al Quoz,,jay,10/05/2026 10:14
SP-26-23280,3280,Dispatched,01/10/2026,Al Quoz,,jay,10/05/2026 10:14
SP-26-23281,3281,Dispatched,01/10/2026,Al Quoz,,jay,10/05/2026 10:14
SP-26-23284,3284,Dispatched,01/10/2026,Al Quoz,,jay,10/05/2026 10:14
SP-26-23285,3285,Dispatched,01/10/2026,Al Quoz,,Rajendran,10/05/2026 10:14
SP-26-23286,3286,Dispatched,01/10/2026,Al Quoz,,jay,10/05/2026 10:14
SP-26-23287,3287,Dispatched,01/10/2026,Al Quoz,,jay,10/05/2026 10:14
SP-26-23295,3295,Dispatched,02/10/2026,Al Quoz,,jay,10/05/2026 10:21
SP-26-23297,3297,Return,02/10/2026,Al Quoz,[Full] Full Return Entry,jay,2026-10-08 6:50:57
SP-26-23300,3300,Return,02/10/2026,Al Quoz,[Full] Full Return Entry,jay,2026-10-08 6:50:57
SP-26-23301,3301,Dispatched,02/10/2026,Al Quoz,,Rajendran,10/05/2026 10:21
SP-26-23308,3308,Dispatched,02/10/2026,Al Quoz,,jay,10/05/2026 10:21
SP-26-23309,3309,Dispatched,02/10/2026,Al Quoz,,jay,10/05/2026 10:21
SP-26-23310,3310,Dispatched,02/10/2026,Al Quoz,,jay,10/05/2026 10:21
SP-26-23316,3316,Dispatched,02/10/2026,Al Quoz,,jay,10/05/2026 10:21
SP-26-23323,3323,Dispatched,02/10/2026,Al Quoz,,jay,10/05/2026 10:21
SP-26-23329,3329,Dispatched,02/10/2026,Al Quoz,,jay,10/05/2026 10:21
SP-26-23331,3331,Dispatched,02/10/2026,Al Quoz,,jay,10/05/2026 10:21
SP-26-23341,3341,Dispatched,02/10/2026,Al Quoz,,jay,10/05/2026 10:21
SP-26-23342,3342,Dispatched,02/10/2026,Al Quoz,,jay,10/05/2026 10:21
SP-26-23343,3343,Dispatched,02/10/2026,Al Quoz,,jay,10/05/2026 10:21
SP-26-23345,3345,Dispatched,02/10/2026,Al Quoz,,jay,10/05/2026 10:21
SP-26-23346,3346,Dispatched,02/10/2026,Al Quoz,,jay,10/05/2026 10:21
SP-26-23349,3349,Dispatched,02/10/2026,Al Quoz,,Rajendran,10/05/2026 10:21
SP-26-23350,3350,Dispatched,02/10/2026,Al Quoz,,jay,10/05/2026 10:21
SP-26-23352,3352,Dispatched,02/10/2026,Al Quoz,,jay,10/05/2026 10:21
SP-26-23353,3353,Dispatched,02/10/2026,Al Quoz,,jay,10/05/2026 10:21
SP-26-23354,3354,Dispatched,02/10/2026,Al Quoz,,jay,10/05/2026 10:21
SP-26-23356,3356,Dispatched,02/10/2026,Al Quoz,,jay,10/05/2026 10:21
SP-26-23362,3362,Dispatched,02/10/2026,Al Quoz,,jay,10/05/2026 10:21
SP-26-23366,3366,Dispatched,02/10/2026,Al Quoz,,jay,10/05/2026 10:21
SP-26-23374,3374,Dispatched,02/10/2026,Al Quoz,,Rajendran,10/05/2026 10:21
SP-26-23375,3375,Dispatched,02/10/2026,Al Quoz,,Rajendran,10/05/2026 10:21
SP-26-23377,3377,Dispatched,02/10/2026,Al Quoz,,jay,10/05/2026 10:21
SP-26-23379,3379,Dispatched,02/10/2026,Al Quoz,,jay,10/05/2026 10:21
SP-26-23384,3384,Dispatched,02/10/2026,Al Quoz,,jay,10/05/2026 10:21
SP-26-23385,3385,Dispatched,02/10/2026,Al Quoz,,jay,10/05/2026 10:21
SP-26-23386,3386,Dispatched,02/10/2026,Al Quoz,,jay,10/05/2026 10:21
SP-26-23387,3387,Dispatched,02/10/2026,Al Quoz,,jay,10/05/2026 10:21
SP-26-23388,3388,Dispatched,02/10/2026,Al Quoz,,jay,10/05/2026 10:21
SP-26-23390,3390,Dispatched,02/10/2026,Al Quoz,,Rajendran,10/05/2026 10:21
SP-26-23395,3395,Dispatched,02/10/2026,Al Quoz,,jay,10/05/2026 10:21
SP-26-23397,3397,Dispatched,02/10/2026,Al Quoz,,jay,10/05/2026 10:21
SP-26-23399,3399,Dispatched,02/10/2026,Al Quoz,,jay,10/05/2026 10:21
SP-26-23400,3400,Dispatched,02/10/2026,Al Quoz,,jay,10/05/2026 10:21
SP-26-23401,3401,Dispatched,02/10/2026,Al Quoz,,jay,10/05/2026 10:21
SP-26-23403,3403,Dispatched,02/10/2026,Al Quoz,,jay,10/05/2026 10:21
SP-26-23404,3404,Dispatched,02/10/2026,Al Quoz,,jay,10/05/2026 10:21
SP-26-23405,3405,Dispatched,02/10/2026,Al Quoz,,jay,10/05/2026 10:21
SP-26-23406,3406,Dispatched,02/10/2026,Al Quoz,,jay,10/05/2026 10:21
SP-26-23408,3408,Dispatched,02/10/2026,Al Quoz,,jay,10/05/2026 10:21
SP-26-23412,3412,Dispatched,02/10/2026,Al Quoz,,jay,10/05/2026 10:21
SP-26-23413,3413,Dispatched,02/10/2026,Al Quoz,,jay,10/05/2026 10:21
SP-26-23421,3421,Dispatched,02/10/2026,Al Quoz,,jay,10/05/2026 10:21
SP-26-23422,3422,Dispatched,02/10/2026,Al Quoz,,jay,10/05/2026 10:21
SP-26-23423,3423,Dispatched,02/10/2026,Al Quoz,,jay,10/05/2026 10:21
SP-26-23424,3424,Dispatched,02/10/2026,Al Quoz,,jay,10/05/2026 10:21
SP-26-23426,3426,Dispatched,02/10/2026,Al Quoz,,jay,10/05/2026 10:21
SP-26-23288,3288,Dispatched,02/10/2026,DIP,,Rajendran,10/05/2026 10:44
SP-26-23290,3290,Dispatched,02/10/2026,DIP,,Rajendran,10/05/2026 10:44
SP-26-23303,3303,Dispatched,02/10/2026,DIP,,Rajendran,10/05/2026 10:44
SP-26-23306,3306,Pending,02/10/2026,DIP,,Rajendran,10/05/2026 10:44
SP-26-23312,3312,Return,02/10/2026,DIP,[Full] Full Return Entry,Rajendran,2026-10-08 6:50:57
SP-26-23313,3313,Dispatched,02/10/2026,DIP,,Rajendran,10/05/2026 10:44
SP-26-23314,3314,Dispatched,02/10/2026,DIP,,Rajendran,10/05/2026 10:44
SP-26-23317,3317,Dispatched,02/10/2026,DIP,,Rajendran,10/05/2026 10:44
SP-26-23320,3320,Dispatched,02/10/2026,DIP,,Rajendran,10/05/2026 10:44
SP-26-23322,3322,Dispatched,02/10/2026,DIP,,Rajendran,10/05/2026 10:44
SP-26-23335,3335,Dispatched,02/10/2026,DIP,,Rajendran,10/05/2026 10:44
SP-26-23339,3339,Dispatched,02/10/2026,DIP,,jay,10/05/2026 10:44
SP-26-23347,3347,Dispatched,02/10/2026,DIP,,Rajendran,10/05/2026 10:44
SP-26-23348,3348,Dispatched,02/10/2026,DIP,,Rajendran,10/05/2026 10:44
SP-26-23351,3351,Dispatched,02/10/2026,DIP,,Rajendran,10/05/2026 10:44
SP-26-23355,3355,Dispatched,02/10/2026,DIP,,Anand,10/05/2026 10:44
SP-26-23358,3358,Dispatched,02/10/2026,DIP,,Rajendran,10/05/2026 10:44
SP-26-23363,3363,Pending,02/10/2026,DIP,,Rajendran,10/05/2026 10:44
SP-26-23370,3370,Dispatched,02/10/2026,DIP,,Rajendran,10/05/2026 10:44
SP-26-23376,3376,Dispatched,02/10/2026,DIP,,Rajendran,10/05/2026 10:44
SP-26-23389,3389,Dispatched,02/10/2026,DIP,,Rajendran,10/05/2026 10:44
SP-26-23391,3391,Dispatched,02/10/2026,DIP,,Rajendran,10/05/2026 10:44
SP-26-23393,3393,Dispatched,02/10/2026,DIP,,Rajendran,10/05/2026 10:44
SP-26-23396,3396,Dispatched,02/10/2026,DIP,,Rajendran,10/05/2026 10:44
SP-26-23398,3398,Dispatched,02/10/2026,DIP,,Rajendran,10/05/2026 10:44
SP-26-23411,3411,Dispatched,02/10/2026,DIP,,jay,10/05/2026 10:44
SP-26-23414,3414,Dispatched,02/10/2026,DIP,,Rajendran,10/05/2026 10:44
SP-26-23415,3415,Dispatched,02/10/2026,DIP,,Rajendran,10/05/2026 10:44
SP-26-23420,3420,Dispatched,02/10/2026,DIP,,Rajendran,2026-10-05 10:44:43
SP-26-23425,3425,Dispatched,02/10/2026,DIP,,Rajendran,10/05/2026 10:44
SP-26-23315,3315,Dispatched,02/10/2026,Abu Dhabi,,Anand,10/05/2026 10:46
SP-26-23330,3330,Dispatched,02/10/2026,Abu Dhabi,,Anand,10/05/2026 10:46
SP-26-23336,3336,Dispatched,02/10/2026,Abu Dhabi,,Anand,10/05/2026 10:46
SP-26-23344,3344,Dispatched,02/10/2026,Abu Dhabi,,Anand,10/05/2026 10:46
SP-26-23361,3361,Dispatched,02/10/2026,Abu Dhabi,,Anand,10/05/2026 10:46
SP-26-23407,3407,Dispatched,02/10/2026,Abu Dhabi,,Anand,10/05/2026 10:46
SP-26-23409,3409,Dispatched,02/10/2026,Abu Dhabi,,Anand,10/05/2026 10:46
SP-26-23410,3410,Dispatched,02/10/2026,Abu Dhabi,,Anand,10/05/2026 10:46
SP-26-23416,3416,Dispatched,02/10/2026,Abu Dhabi,,Anand,10/05/2026 10:46
SP-26-23417,3417,Dispatched,02/10/2026,Abu Dhabi,,Anand,10/05/2026 10:46
SP-26-23298,3298,Dispatched,02/10/2026,Sharjah,,Melvin,10/05/2026 10:49
SP-26-23302,3302,Dispatched,02/10/2026,Sharjah,,Melvin,10/05/2026 10:49
SP-26-23304,3304,Dispatched,02/10/2026,Sharjah,,Melvin,10/05/2026 10:49
SP-26-23305,3305,Return,02/10/2026,Sharjah,[Full] Full Return Entry,Melvin,2026-10-08 6:50:57
SP-26-23307,3307,Dispatched,02/10/2026,Sharjah,,Melvin,10/05/2026 10:49
SP-26-23311,3311,Dispatched,02/10/2026,Sharjah,,Melvin,10/05/2026 10:49
SP-26-23318,3318,Dispatched,02/10/2026,Sharjah,,Melvin,10/05/2026 10:49
SP-26-23319,3319,Dispatched,02/10/2026,Sharjah,,Melvin,10/05/2026 10:49
SP-26-23321,3321,Dispatched,02/10/2026,Sharjah,,Melvin,10/05/2026 10:49
SP-26-23324,3324,Dispatched,02/10/2026,Sharjah,,Melvin,10/05/2026 10:49
SP-26-23325,3325,Dispatched,02/10/2026,Sharjah,,Melvin,10/05/2026 10:49
SP-26-23326,3326,Return,02/10/2026,Sharjah,[Full] Full Return Entry,Melvin,2026-10-08 6:50:57
SP-26-23327,3327,Dispatched,02/10/2026,Sharjah,,Melvin,10/05/2026 10:49
SP-26-23333,3333,Dispatched,02/10/2026,Sharjah,,Melvin,10/05/2026 10:49
SP-26-23337,3337,Dispatched,02/10/2026,Sharjah,,Melvin,10/05/2026 10:49
SP-26-23338,3338,Dispatched,02/10/2026,Sharjah,,Melvin,10/05/2026 10:49
SP-26-23340,3340,Dispatched,02/10/2026,Sharjah,,jay,10/05/2026 10:49
SP-26-23357,3357,Pending,02/10/2026,Sharjah,,jay,10/05/2026 10:49
SP-26-23360,3360,Dispatched,02/10/2026,Sharjah,,Melvin,10/05/2026 10:49
SP-26-23364,3364,Dispatched,02/10/2026,Sharjah,,Melvin,10/05/2026 10:49
SP-26-23365,3365,Dispatched,02/10/2026,Sharjah,,Melvin,10/05/2026 10:49
SP-26-23367,3367,Dispatched,02/10/2026,Sharjah,,Melvin,10/05/2026 10:49
SP-26-23368,3368,Dispatched,02/10/2026,Sharjah,,Melvin,10/05/2026 10:49
SP-26-23369,3369,Dispatched,02/10/2026,Sharjah,,Melvin,10/05/2026 10:49
SP-26-23371,3371,Dispatched,02/10/2026,Sharjah,,Melvin,10/05/2026 10:49
SP-26-23372,3372,Dispatched,02/10/2026,Sharjah,,Melvin,10/05/2026 10:49
SP-26-23373,3373,Dispatched,02/10/2026,Sharjah,,Melvin,10/05/2026 10:49
SP-26-23402,3402,Dispatched,02/10/2026,Sharjah,,kalpesh,2026-10-05 10:49:14
SP-26-23442,3442,Dispatched,03/10/2026,Abu Dhabi,,Anand,10/05/2026 12:54
SP-26-23443,3443,Dispatched,03/10/2026,Abu Dhabi,,Anand,10/05/2026 12:54
SP-26-23454,3454,Pending,03/10/2026,Abu Dhabi,,Melvin,10/08/2026 10:20
SP-26-23468,3468,Pending,03/10/2026,Abu Dhabi,,Anand,10/08/2026 10:20
SP-26-23469,3469,Dispatched,03/10/2026,Abu Dhabi,,Anand,10/05/2026 12:54
SP-26-23470,3470,Dispatched,03/10/2026,Abu Dhabi,,Anand,10/05/2026 12:54
SP-26-23475,3475,Dispatched,03/10/2026,Abu Dhabi,,Anand,10/05/2026 12:54
SP-26-23477,3477,Return,03/10/2026,Abu Dhabi,[Full] Full Return Entry,Anand,2026-10-08 6:50:57
SP-26-23480,3480,Dispatched,03/10/2026,Abu Dhabi,,Anand,10/05/2026 12:54
SP-26-23490,3490,Dispatched,03/10/2026,Abu Dhabi,,Anand,10/05/2026 12:54
SP-26-23492,3492,Dispatched,03/10/2026,Abu Dhabi,,Anand,10/05/2026 12:54
SP-26-23495,3495,Dispatched,03/10/2026,Abu Dhabi,,Anand,10/05/2026 12:54
SP-26-23526,3526,Dispatched,03/10/2026,Abu Dhabi,,Anand,10/05/2026 12:54
SP-26-23541,3541,Dispatched,03/10/2026,Abu Dhabi,,Anand,10/05/2026 12:54
SP-26-23547,3547,Dispatched,03/10/2026,Abu Dhabi,,Anand,10/05/2026 12:54
SP-26-23550,3550,Dispatched,03/10/2026,Abu Dhabi,,Anand,10/05/2026 12:54
SP-26-23432,3432,Dispatched,03/10/2026,DIP,,Rajendran,2026-10-05 12:55:00
SP-26-23436,3436,Dispatched,03/10/2026,DIP,,Rajendran,10/05/2026 12:55
SP-26-23438,3438,Dispatched,03/10/2026,DIP,,Rajendran,10/05/2026 12:55
SP-26-23447,3447,Dispatched,03/10/2026,DIP,,Rajendran,10/05/2026 12:55
SP-26-23461,3461,Dispatched,03/10/2026,DIP,,Rajendran,10/05/2026 12:55
SP-26-23482,3482,Dispatched,03/10/2026,DIP,,Rajendran,10/05/2026 12:55
SP-26-23500,3500,Dispatched,03/10/2026,DIP,,Rajendran,10/05/2026 12:55
SP-26-23505,3505,Dispatched,03/10/2026,DIP,,Rajendran,10/05/2026 12:55
SP-26-23507,3507,Dispatched,03/10/2026,DIP,,Rajendran,10/05/2026 12:55
SP-26-23527,3527,Dispatched,03/10/2026,DIP,,Rajendran,10/05/2026 12:55
SP-26-23543,3543,Dispatched,03/10/2026,DIP,,Rajendran,10/05/2026 12:55
SP-26-23546,3546,Pending,03/10/2026,DIP,,Rajendran,10/05/2026 12:55
SP-26-23548,3548,Dispatched,03/10/2026,DIP,,Rajendran,10/05/2026 12:55
SP-26-23549,3549,Dispatched,03/10/2026,DIP,,Rajendran,10/05/2026 12:55
SP-26-23431,3431,Return,03/10/2026,Al Quoz,[Full] Full Return Entry,jay,2026-10-08 6:50:57
SP-26-23433,3433,Dispatched,03/10/2026,Al Quoz,,Melvin,10/08/2026 6:16
SP-26-23434,3434,Dispatched,03/10/2026,Al Quoz,,Rajendran,10/08/2026 6:16
SP-26-23435,3435,Dispatched,03/10/2026,Al Quoz,,jay,10/08/2026 6:16
SP-26-23437,3437,Dispatched,03/10/2026,Al Quoz,,jay,10/08/2026 6:16
SP-26-23439,3439,Dispatched,03/10/2026,Al Quoz,,jay,10/08/2026 6:16
SP-26-23440,3440,Dispatched,03/10/2026,Al Quoz,,jay,10/08/2026 6:16
SP-26-23441,3441,Dispatched,03/10/2026,Al Quoz,,jay,10/08/2026 6:16
SP-26-23444,3444,Dispatched,03/10/2026,Al Quoz,,Rajendran,10/08/2026 6:16
SP-26-23450,3450,Dispatched,03/10/2026,Al Quoz,,Anand,10/08/2026 6:16
SP-26-23451,3451,Dispatched,03/10/2026,Al Quoz,,jay,10/08/2026 6:16
SP-26-23452,3452,Dispatched,03/10/2026,Al Quoz,,jay,10/08/2026 6:16
SP-26-23453,3453,Dispatched,03/10/2026,Al Quoz,,jay,10/08/2026 6:16
SP-26-23460,3460,Dispatched,03/10/2026,Al Quoz,,jay,2026-10-08 6:16:00
SP-26-23462,3462,Dispatched,03/10/2026,Al Quoz,,jay,10/08/2026 6:16
SP-26-23463,3463,Dispatched,03/10/2026,Al Quoz,,Rajendran,10/08/2026 6:16
SP-26-23464,3464,Dispatched,03/10/2026,Al Quoz,,jay,10/08/2026 6:16
SP-26-23465,3465,Dispatched,03/10/2026,Al Quoz,,jay,10/08/2026 6:16
SP-26-23467,3467,Dispatched,03/10/2026,Al Quoz,,jay,10/08/2026 6:16
SP-26-23473,3473,Dispatched,03/10/2026,Al Quoz,,Rajendran,10/08/2026 6:16
SP-26-23474,3474,Dispatched,03/10/2026,Al Quoz,,jay,10/08/2026 6:16
SP-26-23478,3478,Dispatched,03/10/2026,Al Quoz,,jay,10/08/2026 6:16
SP-26-23479,3479,Dispatched,03/10/2026,Al Quoz,,jay,10/08/2026 6:16
SP-26-23481,3481,Dispatched,03/10/2026,Al Quoz,,jay,10/08/2026 6:16
SP-26-23483,3483,Dispatched,03/10/2026,Al Quoz,,jay,10/08/2026 6:16
SP-26-23484,3484,Return,03/10/2026,Al Quoz,[Full] Full Return Entry,jay,2026-10-08 6:50:57
SP-26-23485,3485,Dispatched,03/10/2026,Al Quoz,,jay,10/08/2026 6:16
SP-26-23486,3486,Dispatched,03/10/2026,Al Quoz,,jay,10/08/2026 6:16
SP-26-23489,3489,Dispatched,03/10/2026,Al Quoz,,jay,10/08/2026 6:16
SP-26-23501,3501,Dispatched,03/10/2026,Al Quoz,,jay,10/08/2026 6:16
SP-26-23504,3504,Dispatched,03/10/2026,Al Quoz,,jay,10/08/2026 6:16
SP-26-23506,3506,Dispatched,03/10/2026,Al Quoz,,jay,10/08/2026 6:16
SP-26-23508,3508,Dispatched,03/10/2026,Al Quoz,,jay,10/08/2026 6:16
SP-26-23509,3509,Dispatched,03/10/2026,Al Quoz,,jay,10/08/2026 6:16
SP-26-23510,3510,Dispatched,03/10/2026,Al Quoz,,jay,10/08/2026 6:16
SP-26-23511,3511,Dispatched,03/10/2026,Al Quoz,,jay,10/08/2026 6:16
SP-26-23513,3513,Dispatched,03/10/2026,Al Quoz,,Rajendran,10/08/2026 6:16
SP-26-23514,3514,Dispatched,03/10/2026,Al Quoz,,jay,10/08/2026 6:16
SP-26-23518,3518,Dispatched,03/10/2026,Al Quoz,,Anand,10/08/2026 6:16
SP-26-23519,3519,Dispatched,03/10/2026,Al Quoz,,Anand,10/08/2026 6:16
SP-26-23521,3521,Dispatched,03/10/2026,Al Quoz,,jay,10/08/2026 6:16
SP-26-23522,3522,Dispatched,03/10/2026,Al Quoz,,jay,10/08/2026 6:16
SP-26-23523,3523,Dispatched,03/10/2026,Al Quoz,,jay,10/08/2026 6:16
SP-26-23529,3529,Dispatched,03/10/2026,Al Quoz,,jay,10/08/2026 6:16
SP-26-23530,3530,Dispatched,03/10/2026,Al Quoz,,jay,10/08/2026 6:16
SP-26-23531,3531,Dispatched,03/10/2026,Al Quoz,,Rajendran,10/08/2026 6:16
SP-26-23532,3532,Dispatched,03/10/2026,Al Quoz,,jay,10/08/2026 6:16
SP-26-23533,3533,Dispatched,03/10/2026,Al Quoz,,jay,10/08/2026 6:16
SP-26-23536,3536,Dispatched,03/10/2026,Al Quoz,,jay,10/08/2026 6:16
SP-26-23538,3538,Dispatched,03/10/2026,Al Quoz,,jay,10/08/2026 6:16
SP-26-23539,3539,Dispatched,03/10/2026,Al Quoz,,jay,10/08/2026 6:16
SP-26-23540,3540,Dispatched,03/10/2026,Al Quoz,,jay,10/08/2026 6:16
SP-26-23542,3542,Return,03/10/2026,Al Quoz,[Full] Full Return Entry,Rajendran,2026-10-08 6:50:57
SP-26-23551,3551,Dispatched,03/10/2026,Al Quoz,,jay,10/08/2026 6:16
SP-26-23552,3552,Dispatched,03/10/2026,Al Quoz,,jay,10/08/2026 6:16
SP-26-23553,3553,Dispatched,03/10/2026,Al Quoz,,jay,10/08/2026 6:16
SP-26-23554,3554,Dispatched,03/10/2026,Al Quoz,,jay,10/08/2026 6:16
SP-26-23556,3556,Dispatched,03/10/2026,Al Quoz,,jay,10/08/2026 6:16
SP-26-23557,3557,Dispatched,03/10/2026,Al Quoz,,jay,10/08/2026 6:16
SP-26-23445,3445,Dispatched,03/10/2026,Sharjah,,Melvin,10/08/2026 6:17
SP-26-23446,3446,Dispatched,03/10/2026,Sharjah,,Melvin,10/08/2026 6:17
SP-26-23448,3448,Dispatched,03/10/2026,Sharjah,,Melvin,10/08/2026 6:17
SP-26-23449,3449,Dispatched,03/10/2026,Sharjah,,Melvin,10/08/2026 6:17
SP-26-23455,3455,Dispatched,03/10/2026,Sharjah,,jay,10/08/2026 6:17
SP-26-23456,3456,Dispatched,03/10/2026,Sharjah,,Melvin,10/08/2026 6:17
SP-26-23457,3457,Dispatched,03/10/2026,Sharjah,,Melvin,10/08/2026 6:17
SP-26-23458,3458,Dispatched,03/10/2026,Sharjah,,Melvin,10/08/2026 6:17
SP-26-23459,3459,Dispatched,03/10/2026,Sharjah,,Melvin,10/08/2026 6:17
SP-26-23471,3471,Dispatched,03/10/2026,Sharjah,,Melvin,10/08/2026 6:17
SP-26-23472,3472,Dispatched,03/10/2026,Sharjah,,Melvin,10/08/2026 6:17
SP-26-23476,3476,Dispatched,03/10/2026,Sharjah,,Melvin,10/08/2026 6:17
SP-26-23488,3488,Dispatched,03/10/2026,Sharjah,,Melvin,10/08/2026 6:17
SP-26-23491,3491,Dispatched,03/10/2026,Sharjah,,Melvin,10/08/2026 6:17
SP-26-23493,3493,Dispatched,03/10/2026,Sharjah,,jay,10/08/2026 6:17
SP-26-23494,3494,Dispatched,03/10/2026,Sharjah,,Melvin,10/08/2026 6:17
SP-26-23496,3496,Dispatched,03/10/2026,Sharjah,,Melvin,10/08/2026 6:17
SP-26-23498,3498,Dispatched,03/10/2026,Sharjah,,Melvin,10/08/2026 6:17
SP-26-23499,3499,Dispatched,03/10/2026,Sharjah,,Melvin,10/08/2026 6:17
SP-26-23502,3502,Dispatched,03/10/2026,Sharjah,,Melvin,10/08/2026 6:17
SP-26-23512,3512,Dispatched,03/10/2026,Sharjah,,Rajendran,10/08/2026 6:17
SP-26-23515,3515,Dispatched,03/10/2026,Sharjah,,Melvin,10/08/2026 6:17
SP-26-23516,3516,Dispatched,03/10/2026,Sharjah,,Melvin,10/08/2026 6:17
SP-26-23517,3517,Dispatched,03/10/2026,Sharjah,,Melvin,10/08/2026 6:17
SP-26-23524,3524,Dispatched,03/10/2026,Sharjah,,Melvin,10/08/2026 6:17
SP-26-23525,3525,Dispatched,03/10/2026,Sharjah,,Melvin,10/08/2026 6:17
SP-26-23528,3528,Dispatched,03/10/2026,Sharjah,,Melvin,10/08/2026 6:17
SP-26-23534,3534,Dispatched,03/10/2026,Sharjah,,Melvin,10/08/2026 6:17
SP-26-23535,3535,Dispatched,03/10/2026,Sharjah,,Melvin,10/08/2026 6:17
SP-26-23537,3537,Dispatched,03/10/2026,Sharjah,,Melvin,10/08/2026 6:17
SP-26-23544,3544,Dispatched,03/10/2026,Sharjah,,Melvin,10/08/2026 6:17
SP-26-23545,3545,Dispatched,03/10/2026,Sharjah,,Melvin,10/08/2026 6:17
SP-26-23555,3555,Dispatched,03/10/2026,Sharjah,,Melvin,10/08/2026 6:17
SP-26-23561,3561,Dispatched,05/10/2026,Al Quoz,,jay,10/08/2026 6:23
SP-26-23563,3563,Dispatched,05/10/2026,Al Quoz,,Rajendran,10/08/2026 6:23
SP-26-23566,3566,Dispatched,05/10/2026,Al Quoz,,jay,10/08/2026 6:23
SP-26-23567,3567,Dispatched,05/10/2026,Al Quoz,,jay,10/08/2026 6:23
SP-26-23574,3574,Dispatched,05/10/2026,Al Quoz,,jay,10/08/2026 6:23
SP-26-23582,3582,Dispatched,05/10/2026,Al Quoz,,Rajendran,10/08/2026 6:23
SP-26-23585,3585,Dispatched,05/10/2026,Al Quoz,,jay,10/08/2026 6:23
SP-26-23587,3587,Dispatched,05/10/2026,Al Quoz,,jay,10/08/2026 6:23
SP-26-23588,3588,Dispatched,05/10/2026,Al Quoz,,jay,10/08/2026 6:23
SP-26-23590,3590,Dispatched,05/10/2026,Al Quoz,,jay,10/08/2026 6:23
SP-26-23593,3593,Dispatched,05/10/2026,Al Quoz,,Rajendran,10/08/2026 6:23
SP-26-23598,3598,Dispatched,05/10/2026,Al Quoz,,jay,10/08/2026 6:23
SP-26-23599,3599,Dispatched,05/10/2026,Al Quoz,,jay,10/08/2026 6:23
SP-26-23601,3601,Dispatched,05/10/2026,Al Quoz,,jay,10/08/2026 6:23
SP-26-23603,3603,Dispatched,05/10/2026,Al Quoz,,jay,10/08/2026 6:23
SP-26-23604,3604,Dispatched,05/10/2026,Al Quoz,,jay,2026-10-08 6:23:12
SP-26-23607,3607,Dispatched,05/10/2026,Al Quoz,,jay,10/08/2026 6:23
SP-26-23608,3608,Dispatched,05/10/2026,Al Quoz,,jay,10/08/2026 6:23
SP-26-23609,3609,Dispatched,05/10/2026,Al Quoz,,jay,2026-10-08 6:23:12
SP-26-23616,3616,Dispatched,05/10/2026,Al Quoz,,jay,10/08/2026 6:23
SP-26-23622,3622,Dispatched,05/10/2026,Al Quoz,,jay,10/08/2026 6:23
SP-26-23623,3623,Dispatched,05/10/2026,Al Quoz,,jay,2026-10-08 6:23:12
SP-26-23625,3625,Dispatched,05/10/2026,Al Quoz,,jay,10/08/2026 6:23
SP-26-23627,3627,Dispatched,05/10/2026,Al Quoz,,jay,10/08/2026 6:23
SP-26-23630,3630,Dispatched,05/10/2026,Al Quoz,,jay,10/08/2026 6:23
SP-26-23642,3642,Dispatched,05/10/2026,Al Quoz,,jay,10/08/2026 6:23
SP-26-23658,3658,Dispatched,05/10/2026,Al Quoz,,jay,10/08/2026 6:23
SP-26-23660,3660,Dispatched,05/10/2026,Al Quoz,,jay,10/08/2026 6:23
SP-26-23661,3661,Dispatched,05/10/2026,Al Quoz,,jay,10/08/2026 6:23
SP-26-23662,3662,Dispatched,05/10/2026,Al Quoz,,jay,10/08/2026 6:23
SP-26-23664,3664,Dispatched,05/10/2026,Al Quoz,,jay,10/08/2026 6:23
SP-26-23667,3667,Dispatched,05/10/2026,Al Quoz,,jay,10/08/2026 6:23
SP-26-23668,3668,Dispatched,05/10/2026,Al Quoz,,jay,10/08/2026 6:23
SP-26-23669,3669,Dispatched,05/10/2026,Al Quoz,,jay,10/08/2026 6:23
SP-26-23671,3671,Dispatched,05/10/2026,Al Quoz,,jay,10/08/2026 6:23
SP-26-23672,3672,Dispatched,05/10/2026,Al Quoz,,jay,10/08/2026 6:23
SP-26-23673,3673,Dispatched,05/10/2026,Al Quoz,,Anand,10/08/2026 6:23
SP-26-23674,3674,Dispatched,05/10/2026,Al Quoz,,jay,10/08/2026 6:23
SP-26-23683,3683,Dispatched,05/10/2026,Al Quoz,,jay,10/08/2026 6:23
SP-26-23684,3684,Dispatched,05/10/2026,Al Quoz,,jay,10/08/2026 6:23
SP-26-23685,3685,Dispatched,05/10/2026,Al Quoz,,jay,10/08/2026 6:23
SP-26-23691,3691,Pending,05/10/2026,Al Quoz,,jay,10/08/2026 6:23
SP-26-23558,3558,Dispatched,05/10/2026,Abu Dhabi,,Anand,10/08/2026 6:40
SP-26-23565,3565,Dispatched,05/10/2026,Abu Dhabi,,Anand,10/08/2026 6:40
SP-26-23576,3576,Dispatched,05/10/2026,Abu Dhabi,,Anand,10/08/2026 6:40
SP-26-23583,3583,Dispatched,05/10/2026,Abu Dhabi,,Anand,10/08/2026 6:40
SP-26-23597,3597,Dispatched,05/10/2026,Abu Dhabi,,Anand,2026-10-08 6:40:52
SP-26-23620,3620,Dispatched,05/10/2026,Abu Dhabi,,Anand,10/08/2026 6:40
SP-26-23643,3643,Dispatched,05/10/2026,Abu Dhabi,,Anand,10/08/2026 6:40
SP-26-23649,3649,Dispatched,05/10/2026,Abu Dhabi,,Anand,10/08/2026 6:40
SP-26-23650,3650,Dispatched,05/10/2026,Abu Dhabi,,Anand,10/08/2026 6:40
SP-26-23656,3656,Dispatched,05/10/2026,Abu Dhabi,,Anand,10/08/2026 6:40
SP-26-23665,3665,Dispatched,05/10/2026,Abu Dhabi,,Anand,10/08/2026 6:40
SP-26-23666,3666,Dispatched,05/10/2026,Abu Dhabi,,Anand,10/08/2026 6:40
SP-26-23675,3675,Dispatched,05/10/2026,Abu Dhabi,,Anand,10/08/2026 6:40
SP-26-23677,3677,Dispatched,05/10/2026,Abu Dhabi,,Anand,10/08/2026 6:40
SP-26-23678,3678,Dispatched,05/10/2026,Abu Dhabi,,Anand,10/08/2026 6:40
SP-26-23682,3682,Dispatched,05/10/2026,Abu Dhabi,,Anand,10/08/2026 6:40
SP-26-23687,3687,Dispatched,05/10/2026,Abu Dhabi,,Anand,10/08/2026 6:40
SP-26-23688,3688,Dispatched,05/10/2026,Abu Dhabi,,Anand,10/08/2026 6:40
SP-26-23692,3692,Dispatched,05/10/2026,Abu Dhabi,,Anand,10/08/2026 6:40
SP-26-23693,3693,Dispatched,05/10/2026,Abu Dhabi,,Anand,10/08/2026 6:40
SP-26-23560,3560,Dispatched,05/10/2026,DIP,,Rajendran,10/08/2026 6:57
SP-26-23562,3562,Dispatched,05/10/2026,DIP,,Rajendran,2026-10-08 6:57:00
SP-26-23564,3564,Dispatched,05/10/2026,DIP,,Rajendran,10/08/2026 6:57
SP-26-23571,3571,Dispatched,05/10/2026,DIP,,Rajendran,10/08/2026 6:57
SP-26-23591,3591,Dispatched,05/10/2026,DIP,,Rajendran,10/08/2026 6:57
SP-26-23592,3592,Dispatched,05/10/2026,DIP,,jay,10/08/2026 6:57
SP-26-23595,3595,Dispatched,05/10/2026,DIP,,Rajendran,10/08/2026 6:57
SP-26-23613,3613,Dispatched,05/10/2026,DIP,,Rajendran,10/08/2026 6:57
SP-26-23615,3615,Dispatched,05/10/2026,DIP,,Rajendran,10/08/2026 6:57
SP-26-23617,3617,Dispatched,05/10/2026,DIP,,Rajendran,10/08/2026 6:57
SP-26-23619,3619,Dispatched,05/10/2026,DIP,,Rajendran,10/08/2026 6:57
SP-26-23621,3621,Dispatched,05/10/2026,DIP,,Rajendran,10/08/2026 6:57
SP-26-23644,3644,Dispatched,05/10/2026,DIP,,Rajendran,10/08/2026 6:57
SP-26-23645,3645,Dispatched,05/10/2026,DIP,,Rajendran,10/08/2026 6:57
SP-26-23647,3647,Dispatched,05/10/2026,DIP,,Rajendran,10/08/2026 6:57
SP-26-23652,3652,Dispatched,05/10/2026,DIP,,Rajendran,10/08/2026 6:57
SP-26-23654,3654,Dispatched,05/10/2026,DIP,,Rajendran,10/08/2026 6:57
SP-26-23655,3655,Dispatched,05/10/2026,DIP,,Rajendran,10/08/2026 6:57
SP-26-23679,3679,Dispatched,05/10/2026,DIP,,Rajendran,10/08/2026 6:57
SP-26-23680,3680,Dispatched,05/10/2026,DIP,,Rajendran,10/08/2026 6:57
SP-26-23686,3686,Dispatched,05/10/2026,DIP,,Rajendran,10/08/2026 6:57
SP-26-23559,3559,Dispatched,05/10/2026,Sharjah,,Rajendran,10/08/2026 8:19
SP-26-23572,3572,Pending,05/10/2026,Sharjah,,Melvin,10/08/2026 8:19
SP-26-23575,3575,Pending,05/10/2026,Sharjah,,Melvin,10/08/2026 8:19
SP-26-23577,3577,Dispatched,05/10/2026,Sharjah,,Melvin,10/08/2026 8:19
SP-26-23578,3578,Dispatched,05/10/2026,Sharjah,,Melvin,10/08/2026 8:19
SP-26-23581,3581,Dispatched,05/10/2026,Sharjah,,Melvin,10/08/2026 8:19
SP-26-23586,3586,Dispatched,05/10/2026,Sharjah,,Melvin,10/08/2026 8:19
SP-26-23589,3589,Dispatched,05/10/2026,Sharjah,,Melvin,10/08/2026 8:19
SP-26-23594,3594,Dispatched,05/10/2026,Sharjah,,jay,10/08/2026 8:19
SP-26-23596,3596,Dispatched,05/10/2026,Sharjah,,Melvin,10/08/2026 8:19
SP-26-23600,3600,Dispatched,05/10/2026,Sharjah,,Melvin,10/08/2026 8:19
SP-26-23602,3602,Dispatched,05/10/2026,Sharjah,,Melvin,10/08/2026 8:19
SP-26-23605,3605,Dispatched,05/10/2026,Sharjah,,Anand,10/08/2026 8:19
SP-26-23606,3606,Dispatched,05/10/2026,Sharjah,,Melvin,10/08/2026 8:19
SP-26-23610,3610,Dispatched,05/10/2026,Sharjah,,Melvin,10/08/2026 8:19
SP-26-23611,3611,Dispatched,05/10/2026,Sharjah,,Melvin,10/08/2026 8:19
SP-26-23612,3612,Dispatched,05/10/2026,Sharjah,,Melvin,10/08/2026 8:19
SP-26-23614,3614,Dispatched,05/10/2026,Sharjah,,Melvin,10/08/2026 8:19
SP-26-23618,3618,Dispatched,05/10/2026,Sharjah,,Melvin,2026-10-08 8:19:00
SP-26-23636,3636,Dispatched,05/10/2026,Sharjah,,jay,2026-10-08 8:19:00
SP-26-23637,3637,Dispatched,05/10/2026,Sharjah,,Melvin,10/08/2026 8:19
SP-26-23638,3638,Dispatched,05/10/2026,Sharjah,,Melvin,10/08/2026 8:19
SP-26-23639,3639,Dispatched,05/10/2026,Sharjah,,Melvin,10/08/2026 8:19
SP-26-23640,3640,Dispatched,05/10/2026,Sharjah,,Melvin,10/08/2026 8:19
SP-26-23641,3641,Dispatched,05/10/2026,Sharjah,,Melvin,10/08/2026 8:19
SP-26-23646,3646,Dispatched,05/10/2026,Sharjah,,Melvin,10/08/2026 8:19
SP-26-23651,3651,Dispatched,05/10/2026,Sharjah,,Anand,10/08/2026 8:19
SP-26-23663,3663,Dispatched,05/10/2026,Sharjah,,Melvin,10/08/2026 8:19
SP-26-23676,3676,Dispatched,05/10/2026,Sharjah,,Melvin,10/08/2026 8:19
SP-26-23681,3681,Dispatched,05/10/2026,Sharjah,,Melvin,10/08/2026 8:19
SP-26-23689,3689,Dispatched,05/10/2026,Sharjah,,Melvin,10/08/2026 8:19
SP-26-23690,3690,Dispatched,05/10/2026,Sharjah,,Melvin,10/08/2026 8:19
SP-26-23711,3711,Dispatched,06/10/2026,Abu Dhabi,,Anand,10/08/2026 10:20
SP-26-23731,3731,Dispatched,06/10/2026,Abu Dhabi,,Anand,10/08/2026 10:20
SP-26-23733,3733,Dispatched,06/10/2026,Abu Dhabi,,Anand,10/08/2026 10:20
SP-26-23735,3735,Dispatched,06/10/2026,Abu Dhabi,,Anand,10/08/2026 10:20
SP-26-23742,3742,Dispatched,06/10/2026,Abu Dhabi,,Anand,10/08/2026 10:20
SP-26-23748,3748,Dispatched,06/10/2026,Abu Dhabi,,Anand,10/08/2026 10:20
SP-26-23750,3750,Dispatched,06/10/2026,Abu Dhabi,,Anand,10/08/2026 10:20
SP-26-23764,3764,Dispatched,06/10/2026,Abu Dhabi,,Anand,10/08/2026 10:20
SP-26-23790,3790,Dispatched,06/10/2026,Abu Dhabi,,Anand,2026-10-08 10:20:55
SP-26-23793,3793,Dispatched,06/10/2026,Abu Dhabi,,Anand,10/08/2026 10:20
SP-26-23794,3794,Dispatched,06/10/2026,Abu Dhabi,,jay,10/08/2026 8:19
SP-26-23801,3801,Dispatched,06/10/2026,Abu Dhabi,,Anand,10/08/2026 10:20
SP-26-23803,3803,Dispatched,06/10/2026,Abu Dhabi,,Anand,10/08/2026 10:20
SP-26-23805,3805,Dispatched,06/10/2026,Abu Dhabi,,Anand,2026-10-08 10:20:00
SP-26-23806,3806,Dispatched,06/10/2026,Abu Dhabi,,jay,10/08/2026 8:19
SP-26-23812,3812,Dispatched,06/10/2026,Abu Dhabi,,Rajendran,10/08/2026 8:19
SP-26-23815,3815,Dispatched,06/10/2026,Abu Dhabi,,Anand,10/08/2026 10:20
SP-26-23820,3820,Dispatched,06/10/2026,Abu Dhabi,,Anand,10/08/2026 10:20
SP-26-23827,3827,Dispatched,06/10/2026,Abu Dhabi,,Rajendran,10/08/2026 8:19
SP-26-23705,3705,Dispatched,06/10/2026,Sharjah,,jay,10/08/2026 10:11
SP-26-23706,3706,Dispatched,06/10/2026,Sharjah,,Melvin,10/08/2026 10:11
SP-26-23708,3708,Dispatched,06/10/2026,Sharjah,,Melvin,10/08/2026 10:11
SP-26-23709,3709,Dispatched,06/10/2026,Sharjah,,Melvin,10/08/2026 10:11
SP-26-23710,3710,Dispatched,06/10/2026,Sharjah,,jay,10/08/2026 10:11
SP-26-23718,3718,Dispatched,06/10/2026,Sharjah,,Melvin,10/08/2026 10:11
SP-26-23723,3723,Pending,06/10/2026,Sharjah,,jay,10/08/2026 10:11
SP-26-23728,3728,Dispatched,06/10/2026,Sharjah,,Melvin,10/08/2026 10:11
SP-26-23729,3729,Dispatched,06/10/2026,Sharjah,,Melvin,2026-10-08 10:11:00
SP-26-23734,3734,Dispatched,06/10/2026,Sharjah,,Melvin,10/08/2026 10:11
SP-26-23738,3738,Dispatched,06/10/2026,Sharjah,,Rajendran,10/08/2026 10:11
SP-26-23739,3739,Pending,06/10/2026,Sharjah,,Melvin,10/08/2026 10:11
SP-26-23747,3747,Dispatched,06/10/2026,Sharjah,,Melvin,10/08/2026 10:11
SP-26-23749,3749,Dispatched,06/10/2026,Sharjah,,Melvin,10/08/2026 10:11
SP-26-23752,3752,Dispatched,06/10/2026,Sharjah,,Melvin,2026-10-08 10:11:10
SP-26-23753,3753,Dispatched,06/10/2026,Sharjah,,Melvin,10/08/2026 10:11
SP-26-23754,3754,Dispatched,06/10/2026,Sharjah,,Melvin,10/08/2026 10:11
SP-26-23755,3755,Dispatched,06/10/2026,Sharjah,,Melvin,10/08/2026 10:11
SP-26-23760,3760,Dispatched,06/10/2026,Sharjah,,Melvin,10/08/2026 10:11
SP-26-23761,3761,Dispatched,06/10/2026,Sharjah,,Melvin,10/08/2026 10:11
SP-26-23762,3762,Dispatched,06/10/2026,Sharjah,,Melvin,10/08/2026 10:11
SP-26-23763,3763,Pending,06/10/2026,Sharjah,,Melvin,10/08/2026 10:11
SP-26-23766,3766,Dispatched,06/10/2026,Sharjah,,Melvin,10/08/2026 10:11
SP-26-23779,3779,Dispatched,06/10/2026,Sharjah,,Melvin,10/08/2026 10:11
SP-26-23782,3782,Dispatched,06/10/2026,Sharjah,,Melvin,10/08/2026 10:11
SP-26-23785,3785,Dispatched,06/10/2026,Sharjah,,Melvin,10/08/2026 10:11
SP-26-23786,3786,Dispatched,06/10/2026,Sharjah,,Melvin,10/08/2026 10:11
SP-26-23787,3787,Dispatched,06/10/2026,Sharjah,,Melvin,10/08/2026 10:11
SP-26-23798,3798,Dispatched,06/10/2026,Sharjah,,Melvin,10/08/2026 10:11
SP-26-23799,3799,Dispatched,06/10/2026,Sharjah,,Melvin,2026-10-08 10:11:10
SP-26-23808,3808,Dispatched,06/10/2026,Sharjah,,Melvin,10/08/2026 10:11
SP-26-23810,3810,Dispatched,06/10/2026,Sharjah,,Melvin,2026-10-08 10:11:10
SP-26-23811,3811,Dispatched,06/10/2026,Sharjah,,Melvin,10/08/2026 10:11
SP-26-23814,3814,Dispatched,06/10/2026,Sharjah,,Melvin,2026-10-08 10:11:10
SP-26-23828,3828,Dispatched,06/10/2026,Sharjah,,Melvin,2026-10-08 10:11:10
SP-26-23696,3696,Dispatched,06/10/2026,DIP,,Rajendran,2026-10-09 12:48:21
SP-26-23697,3697,Dispatched,06/10/2026,DIP,,Rajendran,2026-10-09 12:48:21
SP-26-23712,3712,Dispatched,06/10/2026,DIP,,Rajendran,2026-10-09 12:48:21
SP-26-23713,3713,Dispatched,06/10/2026,DIP,,Rajendran,2026-10-09 12:48:21
SP-26-23716,3716,Dispatched,06/10/2026,DIP,,Rajendran,2026-10-09 12:48:21
SP-26-23727,3727,Dispatched,06/10/2026,DIP,,Rajendran,2026-10-09 12:48:21
SP-26-23732,3732,Dispatched,06/10/2026,DIP,,Rajendran,2026-10-09 12:48:21
SP-26-23740,3740,Dispatched,06/10/2026,DIP,,Rajendran,2026-10-09 12:48:21
SP-26-23745,3745,Dispatched,06/10/2026,DIP,,Rajendran,2026-10-09 12:48:21
SP-26-23751,3751,Dispatched,06/10/2026,DIP,,Rajendran,2026-10-09 12:48:21
SP-26-23767,3767,Dispatched,06/10/2026,DIP,,Rajendran,2026-10-09 12:48:21
SP-26-23775,3775,Dispatched,06/10/2026,DIP,,Rajendran,2026-10-09 12:48:21
SP-26-23776,3776,Dispatched,06/10/2026,DIP,,jay,2026-10-09 12:48:21
SP-26-23791,3791,Dispatched,06/10/2026,DIP,,Rajendran,2026-10-09 12:48:21
SP-26-23792,3792,Dispatched,06/10/2026,DIP,,Rajendran,2026-10-09 12:48:21
SP-26-23795,3795,Pending,06/10/2026,DIP,,jay,2026-10-09 12:48:21
SP-26-23800,3800,Dispatched,06/10/2026,DIP,,Rajendran,2026-10-09 12:48:21
SP-26-23802,3802,Dispatched,06/10/2026,DIP,,Rajendran,2026-10-09 12:48:21
SP-26-23824,3824,Dispatched,06/10/2026,DIP,,Rajendran,2026-10-09 12:48:21
SP-26-23698,3698,Pending,06/10/2026,Al Quoz,,jay,2026-10-09 12:48:41
SP-26-23701,3701,Pending,06/10/2026,Al Quoz,,jay,2026-10-09 12:48:41
SP-26-23702,3702,Pending,06/10/2026,Al Quoz,,jay,2026-10-09 12:48:41
SP-26-23703,3703,Pending,06/10/2026,Al Quoz,,jay,2026-10-09 12:48:41
SP-26-23704,3704,Pending,06/10/2026,Al Quoz,,jay,2026-10-09 12:48:41
SP-26-23707,3707,Pending,06/10/2026,Al Quoz,,jay,2026-10-09 12:48:41
SP-26-23717,3717,Pending,06/10/2026,Al Quoz,,jay,2026-10-09 12:48:41
SP-26-23719,3719,Pending,06/10/2026,Al Quoz,,jay,2026-10-09 12:48:41
SP-26-23725,3725,Pending,06/10/2026,Al Quoz,,Rajendran,2026-10-09 12:48:41
SP-26-23726,3726,Pending,06/10/2026,Al Quoz,,jay,2026-10-09 12:48:41
SP-26-23730,3730,Pending,06/10/2026,Al Quoz,,jay,2026-10-09 12:48:41
SP-26-23736,3736,Pending,06/10/2026,Al Quoz,,Rajendran,2026-10-09 12:48:41
SP-26-23737,3737,Pending,06/10/2026,Al Quoz,,jay,2026-10-09 12:48:41
SP-26-23741,3741,Pending,06/10/2026,Al Quoz,,jay,2026-10-09 12:48:41
SP-26-23743,3743,Pending,06/10/2026,Al Quoz,,jay,2026-10-09 12:48:41
SP-26-23744,3744,Pending,06/10/2026,Al Quoz,,jay,2026-10-09 12:48:41
SP-26-23746,3746,Pending,06/10/2026,Al Quoz,,Rajendran,2026-10-09 12:48:41
SP-26-23756,3756,Pending,06/10/2026,Al Quoz,,Anand,2026-10-09 12:48:41
SP-26-23757,3757,Pending,06/10/2026,Al Quoz,,jay,2026-10-09 12:48:41
SP-26-23758,3758,Pending,06/10/2026,Al Quoz,,Melvin,2026-10-09 12:48:41
SP-26-23759,3759,Pending,06/10/2026,Al Quoz,,jay,2026-10-09 12:48:41
SP-26-23765,3765,Pending,06/10/2026,Al Quoz,,Rajendran,2026-10-09 12:48:41
SP-26-23768,3768,Pending,06/10/2026,Al Quoz,,jay,2026-10-09 12:48:41
SP-26-23769,3769,Pending,06/10/2026,Al Quoz,,jay,2026-10-09 12:48:41
SP-26-23770,3770,Pending,06/10/2026,Al Quoz,,jay,2026-10-09 12:48:41
SP-26-23771,3771,Pending,06/10/2026,Al Quoz,,jay,2026-10-09 12:48:41
SP-26-23772,3772,Pending,06/10/2026,Al Quoz,,Rajendran,2026-10-09 12:48:41
SP-26-23773,3773,Pending,06/10/2026,Al Quoz,,jay,2026-10-09 12:48:41
SP-26-23774,3774,Pending,06/10/2026,Al Quoz,,jay,2026-10-09 12:48:41
SP-26-23777,3777,Pending,06/10/2026,Al Quoz,,jay,2026-10-09 12:48:41
SP-26-23778,3778,Pending,06/10/2026,Al Quoz,,jay,2026-10-09 12:48:41
SP-26-23781,3781,Pending,06/10/2026,Al Quoz,,jay,2026-10-09 12:48:41
SP-26-23784,3784,Dispatched,06/10/2026,Al Quoz,,jay,2026-10-09 12:48:41
SP-26-23789,3789,Pending,06/10/2026,Al Quoz,,jay,2026-10-09 12:48:41
SP-26-23796,3796,Pending,06/10/2026,Al Quoz,,jay,2026-10-09 12:48:41
SP-26-23797,3797,Pending,06/10/2026,Al Quoz,,jay,2026-10-09 12:48:41
SP-26-23804,3804,Pending,06/10/2026,Al Quoz,,jay,2026-10-09 12:48:41
SP-26-23807,3807,Pending,06/10/2026,Al Quoz,,jay,2026-10-09 12:48:41
SP-26-23809,3809,Pending,06/10/2026,Al Quoz,,jay,2026-10-09 12:48:41
SP-26-23818,3818,Pending,06/10/2026,Al Quoz,,jay,2026-10-09 12:48:41
SP-26-23819,3819,Pending,06/10/2026,Al Quoz,,jay,2026-10-09 12:48:41
SP-26-23822,3822,Pending,06/10/2026,Al Quoz,,jay,2026-10-09 12:48:41
SP-26-23823,3823,Pending,06/10/2026,Al Quoz,,jay,2026-10-09 12:48:41
SP-26-23825,3825,Pending,06/10/2026,Al Quoz,,jay,2026-10-09 12:48:41
SP-26-23826,3826,Pending,06/10/2026,Al Quoz,,jay,2026-10-09 12:48:41
SP-26-23829,3829,Pending,06/10/2026,Al Quoz,,jay,2026-10-09 12:48:41
SP-26-23846,3846,Pending,07/10/2026,Al Quoz,,Rajendran,2026-10-09 12:57:20
SP-26-23848,3848,Pending,07/10/2026,Al Quoz,,jay,2026-10-09 12:57:20
SP-26-23851,3851,Pending,07/10/2026,Al Quoz,,jay,2026-10-09 12:57:20
SP-26-23852,3852,Pending,07/10/2026,Al Quoz,,jay,2026-10-09 12:57:20
SP-26-23857,3857,Pending,07/10/2026,Al Quoz,,jay,2026-10-09 12:57:20
SP-26-23858,3858,Pending,07/10/2026,Al Quoz,,jay,2026-10-09 12:57:20
SP-26-23859,3859,Pending,07/10/2026,Al Quoz,,jay,2026-10-09 12:57:20
SP-26-23861,3861,Pending,07/10/2026,Al Quoz,,jay,2026-10-09 12:57:20
SP-26-23864,3864,Pending,07/10/2026,Al Quoz,,jay,2026-10-09 12:57:20
SP-26-23865,3865,Pending,07/10/2026,Al Quoz,,jay,2026-10-09 12:57:20
SP-26-23866,3866,Pending,07/10/2026,Al Quoz,,jay,2026-10-09 12:57:20
SP-26-23867,3867,Pending,07/10/2026,Al Quoz,,jay,2026-10-09 12:57:20
SP-26-23868,3868,Pending,07/10/2026,Al Quoz,,jay,2026-10-09 12:57:20
SP-26-23869,3869,Pending,07/10/2026,Al Quoz,,jay,2026-10-09 12:57:20
SP-26-23878,3878,Pending,07/10/2026,Al Quoz,,jay,2026-10-09 12:57:20
SP-26-23880,3880,Pending,07/10/2026,Al Quoz,,jay,2026-10-09 12:57:20
SP-26-23889,3889,Pending,07/10/2026,Al Quoz,,jay,2026-10-09 12:57:20
SP-26-23892,3892,Pending,07/10/2026,Al Quoz,,jay,2026-10-09 12:57:20
SP-26-23893,3893,Pending,07/10/2026,Al Quoz,,jay,2026-10-09 12:57:20
SP-26-23894,3894,Pending,07/10/2026,Al Quoz,,Melvin,2026-10-09 12:57:20
SP-26-23899,3899,Pending,07/10/2026,Al Quoz,,jay,2026-10-09 12:57:20
SP-26-23900,3900,Pending,07/10/2026,Al Quoz,,jay,2026-10-09 12:57:20
SP-26-23914,3914,Pending,07/10/2026,Al Quoz,,jay,2026-10-09 12:57:20
SP-26-23919,3919,Pending,07/10/2026,Al Quoz,,jay,2026-10-09 12:57:20
SP-26-23921,3921,Pending,07/10/2026,Al Quoz,,Rajendran,2026-10-09 12:57:20
SP-26-23922,3922,Pending,07/10/2026,Al Quoz,,jay,2026-10-09 12:57:20
SP-26-23923,3923,Pending,07/10/2026,Al Quoz,,jay,2026-10-09 12:57:20
SP-26-23926,3926,Pending,07/10/2026,Al Quoz,,jay,2026-10-09 12:57:20
SP-26-23927,3927,Pending,07/10/2026,Al Quoz,,jay,2026-10-09 12:57:20
SP-26-23928,3928,Pending,07/10/2026,Al Quoz,,Anand,2026-10-09 12:57:20
SP-26-23934,3934,Pending,07/10/2026,Al Quoz,,Anand,2026-10-09 12:57:20
SP-26-23937,3937,Pending,07/10/2026,Al Quoz,,jay,2026-10-09 12:57:20
SP-26-23938,3938,Pending,07/10/2026,Al Quoz,,jay,2026-10-09 12:57:20
SP-26-23940,3940,Pending,07/10/2026,Al Quoz,,jay,2026-10-09 12:57:20
SP-26-23941,3941,Pending,07/10/2026,Al Quoz,,jay,2026-10-09 12:57:20
SP-26-23942,3942,Pending,07/10/2026,Al Quoz,,jay,2026-10-09 12:57:20
SP-26-23948,3948,Pending,07/10/2026,Al Quoz,,jay,2026-10-09 12:57:20
SP-26-23949,3949,Pending,07/10/2026,Al Quoz,,jay,2026-10-09 12:57:20
SP-26-23951,3951,Pending,07/10/2026,Al Quoz,,jay,2026-10-09 12:57:20
SP-26-23955,3955,Pending,07/10/2026,Al Quoz,,jay,2026-10-09 12:57:20
SP-26-23959,3959,Pending,07/10/2026,Al Quoz,,jay,2026-10-09 12:57:20
SP-26-23960,3960,Pending,07/10/2026,Al Quoz,,jay,2026-10-09 12:57:20
SP-26-23961,3961,Pending,07/10/2026,Al Quoz,,jay,2026-10-09 12:57:20
SP-26-23962,3962,Pending,07/10/2026,Al Quoz,,jay,2026-10-09 12:57:20
SP-26-23964,3964,Pending,07/10/2026,Al Quoz,,jay,2026-10-09 12:57:20
SP-26-23968,3968,Pending,07/10/2026,Al Quoz,,jay,2026-10-09 12:57:20
SP-26-23969,3969,Pending,07/10/2026,Al Quoz,,jay,2026-10-09 12:57:20
SP-26-23971,3971,Pending,07/10/2026,Al Quoz,,jay,2026-10-09 12:57:20
SP-26-23973,3973,Pending,07/10/2026,Al Quoz,,jay,2026-10-09 12:57:20
SP-26-23974,3974,Pending,07/10/2026,Al Quoz,,jay,2026-10-09 12:57:20
SP-26-23975,3975,Pending,07/10/2026,Al Quoz,,jay,2026-10-09 12:57:20
SP-26-23842,3842,Pending,07/10/2026,Sharjah,,kalpesh,2026-10-09 12:59:46
SP-26-23849,3849,Pending,07/10/2026,Sharjah,,Melvin,2026-10-09 12:59:46
SP-26-23850,3850,Pending,07/10/2026,Sharjah,,Melvin,2026-10-09 12:59:46
SP-26-23853,3853,Pending,07/10/2026,Sharjah,,Melvin,2026-10-09 12:59:46
SP-26-23854,3854,Pending,07/10/2026,Sharjah,,Melvin,2026-10-09 12:59:46
SP-26-23862,3862,Pending,07/10/2026,Sharjah,,Melvin,2026-10-09 12:59:46
SP-26-23870,3870,Pending,07/10/2026,Sharjah,,Melvin,2026-10-09 12:59:46
SP-26-23871,3871,Pending,07/10/2026,Sharjah,,Melvin,2026-10-09 12:59:46
SP-26-23872,3872,Pending,07/10/2026,Sharjah,,Melvin,2026-10-09 12:59:46
SP-26-23873,3873,Pending,07/10/2026,Sharjah,,Melvin,2026-10-09 12:59:46
SP-26-23874,3874,Pending,07/10/2026,Sharjah,,Melvin,2026-10-09 12:59:46
SP-26-23875,3875,Pending,07/10/2026,Sharjah,,Melvin,2026-10-09 12:59:46
SP-26-23881,3881,Pending,07/10/2026,Sharjah,,Melvin,2026-10-09 12:59:46
SP-26-23883,3883,Pending,07/10/2026,Sharjah,,Melvin,2026-10-09 12:59:46
SP-26-23884,3884,Pending,07/10/2026,Sharjah,,Melvin,2026-10-09 12:59:46
SP-26-23885,3885,Pending,07/10/2026,Sharjah,,Melvin,2026-10-09 12:59:46
SP-26-23888,3888,Pending,07/10/2026,Sharjah,,Melvin,2026-10-09 12:59:46
SP-26-23891,3891,Pending,07/10/2026,Sharjah,,Melvin,2026-10-09 12:59:46
SP-26-23895,3895,Pending,07/10/2026,Sharjah,,Melvin,2026-10-09 12:59:46
SP-26-23901,3901,Pending,07/10/2026,Sharjah,,Melvin,2026-10-09 12:59:46
SP-26-23905,3905,Pending,07/10/2026,Sharjah,,Melvin,2026-10-09 12:59:46
SP-26-23910,3910,Pending,07/10/2026,Sharjah,,Melvin,2026-10-09 12:59:46
SP-26-23918,3918,Pending,07/10/2026,Sharjah,,Melvin,2026-10-09 12:59:46
SP-26-23920,3920,Pending,07/10/2026,Sharjah,,Melvin,2026-10-09 12:59:46
SP-26-23924,3924,Pending,07/10/2026,Sharjah,,Anand,2026-10-09 12:59:46
SP-26-23930,3930,Pending,07/10/2026,Sharjah,,Melvin,2026-10-09 12:59:46
SP-26-23931,3931,Pending,07/10/2026,Sharjah,,Melvin,2026-10-09 12:59:46
SP-26-23932,3932,Pending,07/10/2026,Sharjah,,Melvin,2026-10-09 12:59:46
SP-26-23933,3933,Pending,07/10/2026,Sharjah,,Melvin,2026-10-09 12:59:46
SP-26-23936,3936,Pending,07/10/2026,Sharjah,,Melvin,2026-10-09 12:59:46
SP-26-23939,3939,Pending,07/10/2026,Sharjah,,Melvin,2026-10-09 12:59:46
SP-26-23943,3943,Pending,07/10/2026,Sharjah,,Melvin,2026-10-09 12:59:46
SP-26-23944,3944,Pending,07/10/2026,Sharjah,,Melvin,2026-10-09 12:59:46
SP-26-23950,3950,Pending,07/10/2026,Sharjah,,Melvin,2026-10-09 12:59:46
SP-26-23956,3956,Pending,07/10/2026,Sharjah,,Melvin,2026-10-09 12:59:46
SP-26-23957,3957,Pending,07/10/2026,Sharjah,,Melvin,2026-10-09 12:59:46
SP-26-23958,3958,Pending,07/10/2026,Sharjah,,kalpesh,2026-10-09 12:59:46
SP-26-23965,3965,Pending,07/10/2026,Sharjah,,Melvin,2026-10-09 12:59:46
SP-26-23966,3966,Pending,07/10/2026,Sharjah,,Melvin,2026-10-09 12:59:46
SP-26-23967,3967,Pending,07/10/2026,Sharjah,,Melvin,2026-10-09 12:59:46
SP-26-23970,3970,Pending,07/10/2026,Sharjah,,Melvin,2026-10-09 12:59:46
SP-26-23833,3833,Pending,07/10/2026,DIP,,Rajendran,2026-10-09 13:03:41
SP-26-23834,3834,Pending,07/10/2026,DIP,,Rajendran,2026-10-09 13:03:41
SP-26-23838,3838,Pending,07/10/2026,DIP,,Rajendran,2026-10-09 13:03:41
SP-26-23839,3839,Pending,07/10/2026,DIP,,Rajendran,2026-10-09 13:03:41
SP-26-23856,3856,Pending,07/10/2026,DIP,,Rajendran,2026-10-09 13:03:41
SP-26-23877,3877,Pending,07/10/2026,DIP,,Rajendran,2026-10-09 13:03:41
SP-26-23879,3879,Pending,07/10/2026,DIP,,Rajendran,2026-10-09 13:03:41
SP-26-23882,3882,Pending,07/10/2026,DIP,,Rajendran,2026-10-09 13:03:41
SP-26-23887,3887,Pending,07/10/2026,DIP,,Rajendran,2026-10-09 13:03:41
SP-26-23896,3896,Pending,07/10/2026,DIP,,Rajendran,2026-10-09 13:03:41
SP-26-23903,3903,Pending,07/10/2026,DIP,,Rajendran,2026-10-09 13:03:41
SP-26-23904,3904,Pending,07/10/2026,DIP,,Rajendran,2026-10-09 13:03:41
SP-26-23912,3912,Pending,07/10/2026,DIP,,Rajendran,2026-10-09 13:03:41
SP-26-23916,3916,Pending,07/10/2026,DIP,,Rajendran,2026-10-09 13:03:41
SP-26-23917,3917,Pending,07/10/2026,DIP,,Rajendran,2026-10-09 13:03:41
SP-26-23925,3925,Pending,07/10/2026,DIP,,Anand,2026-10-09 13:03:41
SP-26-23929,3929,Pending,07/10/2026,DIP,,Rajendran,2026-10-09 13:03:41
SP-26-23935,3935,Pending,07/10/2026,DIP,,Rajendran,2026-10-09 13:03:41
SP-26-23963,3963,Pending,07/10/2026,DIP,,Rajendran,2026-10-09 13:03:41
SP-26-23843,3843,Dispatched,07/10/2026,Abu Dhabi,,Anand,2026-10-09 13:04:00
SP-26-23844,3844,Dispatched,07/10/2026,Abu Dhabi,,Anand,2026-10-09 13:04:00
SP-26-23847,3847,Dispatched,07/10/2026,Abu Dhabi,,Anand,2026-10-09 13:04:00
SP-26-23855,3855,Dispatched,07/10/2026,Abu Dhabi,,Anand,2026-10-09 13:04:00
SP-26-23860,3860,Dispatched,07/10/2026,Abu Dhabi,,Anand,2026-10-09 13:04:00
SP-26-23863,3863,Dispatched,07/10/2026,Abu Dhabi,,Anand,2026-10-09 13:04:00
SP-26-23886,3886,Dispatched,07/10/2026,Abu Dhabi,,Anand,2026-10-09 13:04:00
SP-26-23890,3890,Dispatched,07/10/2026,Abu Dhabi,,Anand,2026-10-09 13:04:00
SP-26-23897,3897,Dispatched,07/10/2026,Abu Dhabi,,Anand,2026-10-09 13:04:00
SP-26-23898,3898,Dispatched,07/10/2026,Abu Dhabi,,Anand,2026-10-09 13:04:00
SP-26-23902,3902,Dispatched,07/10/2026,Abu Dhabi,,Anand,2026-10-09 13:04:00
SP-26-23906,3906,Dispatched,07/10/2026,Abu Dhabi,,Anand,2026-10-09 13:04:00
SP-26-23907,3907,Dispatched,07/10/2026,Abu Dhabi,,Anand,2026-10-09 13:04:00
SP-26-23908,3908,Dispatched,07/10/2026,Abu Dhabi,,Anand,2026-10-09 13:04:00
SP-26-23909,3909,Dispatched,07/10/2026,Abu Dhabi,,Anand,2026-10-09 13:04:00
SP-26-23911,3911,Dispatched,07/10/2026,Abu Dhabi,,Anand,2026-10-09 13:04:00
SP-26-23913,3913,Dispatched,07/10/2026,Abu Dhabi,,Anand,2026-10-09 13:04:00
SP-26-23915,3915,Dispatched,07/10/2026,Abu Dhabi,,Anand,2026-10-09 13:04:00
SP-26-23945,3945,Dispatched,07/10/2026,Abu Dhabi,,Anand,2026-10-09 13:04:00
SP-26-23946,3946,Dispatched,07/10/2026,Abu Dhabi,,Anand,2026-10-09 13:04:00
SP-26-23947,3947,Dispatched,07/10/2026,Abu Dhabi,,Anand,2026-10-09 13:04:00
SP-26-23952,3952,Dispatched,07/10/2026,Abu Dhabi,,Anand,2026-10-09 13:04:00
SP-26-23953,3953,Dispatched,07/10/2026,Abu Dhabi,,Anand,2026-10-09 13:04:00
SP-26-23972,3972,Dispatched,07/10/2026,Abu Dhabi,,Anand,2026-10-09 13:04:00
SP-26-23983,3983,Pending,08/10/2026,Al Quoz,,jay,2026-10-09 13:11:43
SP-26-23984,3984,Pending,08/10/2026,Al Quoz,,jay,2026-10-09 13:11:43
SP-26-23987,3987,Pending,08/10/2026,Al Quoz,,jay,2026-10-09 13:11:43
SP-26-23989,3989,Pending,08/10/2026,Al Quoz,,jay,2026-10-09 13:11:43
SP-26-23990,3990,Pending,08/10/2026,Al Quoz,,jay,2026-10-09 13:11:43
SP-26-23992,3992,Pending,08/10/2026,Al Quoz,,jay,2026-10-09 13:11:43
SP-26-23993,3993,Pending,08/10/2026,Al Quoz,,jay,2026-10-09 13:11:43
SP-26-23999,3999,Pending,08/10/2026,Al Quoz,,jay,2026-10-09 13:11:43
SP-26-24001,4001,Pending,08/10/2026,Al Quoz,,jay,2026-10-09 13:11:43
SP-26-24002,4002,Pending,08/10/2026,Al Quoz,,jay,2026-10-09 13:11:43
SP-26-24008,4008,Pending,08/10/2026,Al Quoz,,Rajendran,2026-10-09 13:11:43
SP-26-24019,4019,Pending,08/10/2026,Al Quoz,,Melvin,2026-10-09 13:11:43
SP-26-24020,4020,Pending,08/10/2026,Al Quoz,,jay,2026-10-09 13:11:43
SP-26-24022,4022,Pending,08/10/2026,Al Quoz,,jay,2026-10-09 13:11:43
SP-26-24023,4023,Pending,08/10/2026,Al Quoz,,jay,2026-10-09 13:11:43
SP-26-24024,4024,Pending,08/10/2026,Al Quoz,,jay,2026-10-09 13:11:43
SP-26-24025,4025,Pending,08/10/2026,Al Quoz,,Melvin,2026-10-09 13:11:43
SP-26-24033,4033,Pending,08/10/2026,Al Quoz,,jay,2026-10-09 13:11:43
SP-26-24035,4035,Pending,08/10/2026,Al Quoz,,jay,2026-10-09 13:11:43
SP-26-24039,4039,Pending,08/10/2026,Al Quoz,,jay,2026-10-09 13:11:43
SP-26-24040,4040,Pending,08/10/2026,Al Quoz,,jay,2026-10-09 13:11:43
SP-26-24048,4048,Pending,08/10/2026,Al Quoz,,jay,2026-10-09 13:11:43
SP-26-24049,4049,Pending,08/10/2026,Al Quoz,,jay,2026-10-09 13:11:43
SP-26-24050,4050,Pending,08/10/2026,Al Quoz,,jay,2026-10-09 13:11:43
SP-26-24051,4051,Pending,08/10/2026,Al Quoz,,jay,2026-10-09 13:11:43
SP-26-24053,4053,Pending,08/10/2026,Al Quoz,,jay,2026-10-09 13:11:43
SP-26-24054,4054,Pending,08/10/2026,Al Quoz,,jay,2026-10-09 13:11:43
SP-26-24055,4055,Pending,08/10/2026,Al Quoz,,jay,2026-10-09 13:11:43
SP-26-24056,4056,Pending,08/10/2026,Al Quoz,,jay,2026-10-09 13:11:43
SP-26-24059,4059,Pending,08/10/2026,Al Quoz,,jay,2026-10-09 13:11:43
SP-26-24061,4061,Pending,08/10/2026,Al Quoz,,jay,2026-10-09 13:11:43
SP-26-24075,4075,Pending,08/10/2026,Al Quoz,,jay,2026-10-09 13:11:43
SP-26-24077,4077,Pending,08/10/2026,Al Quoz,,jay,2026-10-09 13:11:43
SP-26-24078,4078,Pending,08/10/2026,Al Quoz,,jay,2026-10-09 13:11:43
SP-26-24081,4081,Pending,08/10/2026,Al Quoz,,jay,2026-10-09 13:11:43
SP-26-24086,4086,Pending,08/10/2026,Al Quoz,,jay,2026-10-09 13:11:43
SP-26-24089,4089,Pending,08/10/2026,Al Quoz,,Rajendran,2026-10-09 13:11:43
SP-26-24090,4090,Pending,08/10/2026,Al Quoz,,jay,2026-10-09 13:11:43
SP-26-24101,4101,Pending,08/10/2026,Al Quoz,,jay,2026-10-09 13:11:43
SP-26-24104,4104,Pending,08/10/2026,Al Quoz,,jay,2026-10-09 13:11:43
SP-26-24110,4110,Pending,08/10/2026,Al Quoz,,jay,2026-10-09 13:11:43
SP-26-23997,3997,Dispatched,08/10/2026,Abu Dhabi,,Anand,2026-10-09 13:12:35
SP-26-24003,4003,Dispatched,08/10/2026,Abu Dhabi,,Anand,2026-10-09 13:12:35
SP-26-24004,4004,Dispatched,08/10/2026,Abu Dhabi,,Anand,2026-10-09 13:12:35
SP-26-24006,4006,Dispatched,08/10/2026,Abu Dhabi,,Anand,2026-10-09 13:12:35
SP-26-24021,4021,Dispatched,08/10/2026,Abu Dhabi,,Anand,2026-10-09 13:12:35
SP-26-24030,4030,Dispatched,08/10/2026,Abu Dhabi,,Anand,2026-10-09 13:12:35
SP-26-24034,4034,Dispatched,08/10/2026,Abu Dhabi,,Anand,2026-10-09 13:12:35
SP-26-24036,4036,Dispatched,08/10/2026,Abu Dhabi,,Anand,2026-10-09 13:12:35
SP-26-24037,4037,Dispatched,08/10/2026,Abu Dhabi,,Anand,2026-10-09 13:12:35
SP-26-24041,4041,Dispatched,08/10/2026,Abu Dhabi,,Anand,2026-10-09 13:12:35
SP-26-24043,4043,Dispatched,08/10/2026,Abu Dhabi,,Anand,2026-10-09 13:12:35
SP-26-24052,4052,Dispatched,08/10/2026,Abu Dhabi,,Anand,2026-10-09 13:12:35
SP-26-24062,4062,Dispatched,08/10/2026,Abu Dhabi,,Anand,2026-10-09 13:12:35
SP-26-24065,4065,Dispatched,08/10/2026,Abu Dhabi,,Anand,2026-10-09 13:12:35
SP-26-24071,4071,Dispatched,08/10/2026,Abu Dhabi,,Anand,2026-10-09 13:12:35
SP-26-24076,4076,Dispatched,08/10/2026,Abu Dhabi,,Anand,2026-10-09 13:12:35
SP-26-24079,4079,Dispatched,08/10/2026,Abu Dhabi,,Anand,2026-10-09 13:12:35
SP-26-24088,4088,Dispatched,08/10/2026,Abu Dhabi,,Anand,2026-10-09 13:12:35
SP-26-24100,4100,Dispatched,08/10/2026,Abu Dhabi,,Anand,2026-10-09 13:12:35
SP-26-24108,4108,Dispatched,08/10/2026,Abu Dhabi,,Anand,2026-10-09 13:12:35
SP-26-24109,4109,Pending,08/10/2026,Abu Dhabi,,Anand,2026-10-09 13:12:35
SP-26-24111,4111,Pending,08/10/2026,Abu Dhabi,,Anand,2026-10-09 13:12:35
SP-26-23976,3976,Pending,08/10/2026,Sharjah,,Rajendran,2026-10-09 13:15:45
SP-26-23977,3977,Pending,08/10/2026,Sharjah,,Melvin,2026-10-09 13:15:45
SP-26-23980,3980,Pending,08/10/2026,Sharjah,,Melvin,2026-10-09 13:15:45
SP-26-23981,3981,Pending,08/10/2026,Sharjah,,Melvin,2026-10-09 13:15:45
SP-26-23986,3986,Pending,08/10/2026,Sharjah,,Melvin,2026-10-09 13:15:45
SP-26-23995,3995,Pending,08/10/2026,Sharjah,,Melvin,2026-10-09 13:15:45
SP-26-24005,4005,Pending,08/10/2026,Sharjah,,Melvin,2026-10-09 13:15:45
SP-26-24009,4009,Pending,08/10/2026,Sharjah,,Melvin,2026-10-09 13:15:45
SP-26-24011,4011,Pending,08/10/2026,Sharjah,,jay,2026-10-09 13:15:45
SP-26-24013,4013,Pending,08/10/2026,Sharjah,,jay,2026-10-09 13:15:45
SP-26-24014,4014,Pending,08/10/2026,Sharjah,,Melvin,2026-10-09 13:15:45
SP-26-24017,4017,Pending,08/10/2026,Sharjah,,Melvin,2026-10-09 13:15:45
SP-26-24018,4018,Pending,08/10/2026,Sharjah,,Melvin,2026-10-09 13:15:45
SP-26-24028,4028,Pending,08/10/2026,Sharjah,,Melvin,2026-10-09 13:15:45
SP-26-24029,4029,Pending,08/10/2026,Sharjah,,Melvin,2026-10-09 13:15:45
SP-26-24031,4031,Pending,08/10/2026,Sharjah,,Melvin,2026-10-09 13:15:45
SP-26-24045,4045,Pending,08/10/2026,Sharjah,,Melvin,2026-10-09 13:15:45
SP-26-24057,4057,Pending,08/10/2026,Sharjah,,kalpesh,2026-10-09 13:15:45
SP-26-24058,4058,Pending,08/10/2026,Sharjah,,Melvin,2026-10-09 13:15:45
SP-26-24063,4063,Pending,08/10/2026,Sharjah,,Melvin,2026-10-09 13:15:45
SP-26-24067,4067,Pending,08/10/2026,Sharjah,,Melvin,2026-10-09 13:15:45
SP-26-24068,4068,Pending,08/10/2026,Sharjah,,Melvin,2026-10-09 13:15:45
SP-26-24069,4069,Pending,08/10/2026,Sharjah,,Melvin,2026-10-09 13:15:45
SP-26-24072,4072,Pending,08/10/2026,Sharjah,,Melvin,2026-10-09 13:15:45
SP-26-24074,4074,Pending,08/10/2026,Sharjah,,Melvin,2026-10-09 13:15:45
SP-26-24080,4080,Pending,08/10/2026,Sharjah,,Melvin,2026-10-09 13:15:45
SP-26-24085,4085,Pending,08/10/2026,Sharjah,,Melvin,2026-10-09 13:15:45
SP-26-24087,4087,Pending,08/10/2026,Sharjah,,kalpesh,2026-10-09 13:15:45
SP-26-24091,4091,Pending,08/10/2026,Sharjah,,Melvin,2026-10-09 13:15:45
SP-26-24092,4092,Pending,08/10/2026,Sharjah,,Rajendran,2026-10-09 13:15:45
SP-26-24095,4095,Pending,08/10/2026,Sharjah,,Melvin,2026-10-09 13:15:45
SP-26-24103,4103,Pending,08/10/2026,Sharjah,,jay,2026-10-09 13:15:45
SP-26-24105,4105,Pending,08/10/2026,Sharjah,,Melvin,2026-10-09 13:15:45
SP-26-24007,4007,Pending,08/10/2026,DIP,,Rajendran,2026-10-09 13:17:21
SP-26-24010,4010,Pending,08/10/2026,DIP,,Rajendran,2026-10-09 13:17:21
SP-26-24012,4012,Pending,08/10/2026,DIP,,Rajendran,2026-10-09 13:17:21
SP-26-24015,4015,Pending,08/10/2026,DIP,,Rajendran,2026-10-09 13:17:21
SP-26-24016,4016,Pending,08/10/2026,DIP,,jay,2026-10-09 13:17:21
SP-26-24026,4026,Pending,08/10/2026,DIP,,Rajendran,2026-10-09 13:17:21
SP-26-24027,4027,Pending,08/10/2026,DIP,,Rajendran,2026-10-09 13:17:21
SP-26-24042,4042,Pending,08/10/2026,DIP,,Rajendran,2026-10-09 13:17:21
SP-26-24044,4044,Pending,08/10/2026,DIP,,Rajendran,2026-10-09 13:17:21
SP-26-24046,4046,Pending,08/10/2026,DIP,,Rajendran,2026-10-09 13:17:21
SP-26-24060,4060,Pending,08/10/2026,DIP,,Rajendran,2026-10-09 13:17:21
SP-26-24064,4064,Pending,08/10/2026,DIP,,jay,2026-10-09 13:17:21
SP-26-24066,4066,Pending,08/10/2026,DIP,,Rajendran,2026-10-09 13:17:21
SP-26-24070,4070,Pending,08/10/2026,DIP,,Rajendran,2026-10-09 13:17:21
SP-26-24073,4073,Pending,08/10/2026,DIP,,Rajendran,2026-10-09 13:17:21
SP-26-24083,4083,Pending,08/10/2026,DIP,,Rajendran,2026-10-09 13:17:21
SP-26-24084,4084,Pending,08/10/2026,DIP,,Rajendran,2026-10-09 13:17:21
SP-26-24094,4094,Pending,08/10/2026,DIP,,Rajendran,2026-10-09 13:17:21
SP-26-24098,4098,Pending,08/10/2026,DIP,,Rajendran,2026-10-09 13:17:21
SP-26-24099,4099,Pending,08/10/2026,DIP,,Rajendran,2026-10-09 13:17:21
SP-26-24102,4102,Pending,08/10/2026,DIP,,Rajendran,2026-10-09 13:17:21
SP-26-24107,4107,Pending,08/10/2026,DIP,,jay,2026-10-09 13:17:21
